Pitch,Roll,Yaw,Acc_X,Acc_Y,Acc_Z,Gravity_Magnitude
0.0,0.0,0.0,0.0,0.0,9.81,9.81
0.0,0.0,40.0,0.0,0.0,9.81,9.81
0.0,0.0,80.0,0.0,0.0,9.81,9.81
0.0,0.0,120.0,0.0,0.0,9.81,9.81
0.0,0.0,160.0,0.0,0.0,9.81,9.81
0.0,0.0,200.0,0.0,0.0,9.81,9.81
0.0,0.0,240.0,0.0,0.0,9.81,9.81
0.0,0.0,280.0,0.0,0.0,9.81,9.81
0.0,0.0,320.0,0.0,0.0,9.81,9.81
0.0,0.0,360.0,0.0,0.0,9.81,9.81
0.0,10.0,0.0,1.7034886229125867,0.0,9.66096405704976,9.81
0.0,10.0,40.0,1.3049479934985873,1.094981380050196,9.66096405704976,9.81
0.0,10.0,80.0,0.2958076950451195,1.6776088030124048,9.66096405704976,9.81
0.0,10.0,120.0,-0.8517443114562929,1.4752644225000704,9.66096405704976,9.81
0.0,10.0,160.0,-1.6007556885437064,0.5826274229622092,9.66096405704976,9.81
0.0,10.0,200.0,-1.6007556885437066,-0.5826274229622088,9.66096405704976,9.81
0.0,10.0,240.0,-0.8517443114562941,-1.4752644225000697,9.66096405704976,9.81
0.0,10.0,280.0,0.2958076950451187,-1.6776088030124052,9.66096405704976,9.81
0.0,10.0,320.0,1.3049479934985866,-1.0949813800501966,9.66096405704976,9.81
0.0,10.0,360.0,1.7034886229125867,-4.1723437788676635e-16,9.66096405704976,9.81
0.0,20.0,0.0,3.3552176060248105,0.0,9.218384609909762,9.81
0.0,20.0,40.0,2.570245802550266,2.1566923049548805,9.218384609909762,9.81
0.0,20.0,80.0,0.5826274229622092,3.3042443114562934,9.218384609909762,9.81
0.0,20.0,120.0,-1.6776088030124043,2.905703682042294,9.218384609909762,9.81
0.0,20.0,160.0,-3.1528732255124754,1.147552006501413,9.218384609909762,9.81
0.0,20.0,200.0,-3.152873225512476,-1.1475520065014124,9.218384609909762,9.81
0.0,20.0,240.0,-1.6776088030124066,-2.9057036820422932,9.218384609909762,9.81
0.0,20.0,280.0,0.5826274229622077,-3.3042443114562934,9.218384609909762,9.81
0.0,20.0,320.0,2.5702458025502657,-2.1566923049548814,9.218384609909762,9.81
0.0,20.0,360.0,3.3552176060248105,-8.217913003322259e-16,9.218384609909762,9.81
0.0,30.0,0.0,4.904999999999999,0.0,8.495709211125344,9.81
0.0,30.0,40.0,3.757447993498587,3.1528732255124745,8.495709211125344,9.81
0.0,30.0,80.0,0.8517443114562936,4.83048202852488,8.495709211125344,9.81
0.0,30.0,120.0,-2.452499999999999,4.247854605562671,8.495709211125344,9.81
0.0,30.0,160.0,-4.60919230495488,1.6776088030124057,8.495709211125344,9.81
0.0,30.0,200.0,-4.60919230495488,-1.6776088030124046,8.495709211125344,9.81
0.0,30.0,240.0,-2.452500000000002,-4.2478546055626705,8.495709211125344,9.81
0.0,30.0,280.0,0.8517443114562914,-4.83048202852488,8.495709211125344,9.81
0.0,30.0,320.0,3.7574479934985856,-3.1528732255124763,8.495709211125344,9.81
0.0,30.0,360.0,4.904999999999999,-1.2013785099635533e-15,8.495709211125344,9.81
0.0,40.0,0.0,6.305746451024951,0.0,7.514895986997175,9.81
0.0,40.0,40.0,4.83048202852488,4.053255688543706,7.514895986997175,9.81
0.0,40.0,80.0,1.0949813800501964,6.209947993498587,7.514895986997175,9.81
0.0,40.0,120.0,-3.1528732255124736,5.460936616411174,7.514895986997175,9.81
0.0,40.0,160.0,-5.925463408575077,2.1566923049548814,7.514895986997175,9.81
0.0,40.0,200.0,-5.925463408575077,-2.15669230495488,7.514895986997175,9.81
0.0,40.0,240.0,-3.152873225512478,-5.460936616411172,7.514895986997175,9.81
0.0,40.0,280.0,1.0949813800501937,-6.209947993498587,7.514895986997175,9.81
0.0,40.0,320.0,4.830482028524879,-4.053255688543708,7.514895986997175,9.81
0.0,40.0,360.0,6.305746451024951,-1.5444624414964975e-15,7.514895986997175,9.81
0.0,50.0,0.0,7.514895986997175,0.0,6.305746451024952,9.81
0.0,50.0,40.0,5.756744311456293,4.83048202852488,6.305746451024952,9.81
0.0,50.0,80.0,1.3049479934985877,7.400727831075146,6.305746451024952,9.81
0.0,50.0,120.0,-3.7574479934985856,6.508090831537286,6.305746451024952,9.81
0.0,50.0,160.0,-7.06169230495488,2.570245802550268,6.305746451024952,9.81
0.0,50.0,200.0,-7.061692304954881,-2.570245802550266,6.305746451024952,9.81
0.0,50.0,240.0,-3.7574479934985905,-6.5080908315372845,6.305746451024952,9.81
0.0,50.0,280.0,1.3049479934985846,-7.400727831075148,6.305746451024952,9.81
0.0,50.0,320.0,5.756744311456291,-4.830482028524883,6.305746451024952,9.81
0.0,50.0,360.0,7.514895986997175,-1.840618663280276e-15,6.305746451024952,9.81
0.0,60.0,0.0,8.495709211125343,0.0,4.905000000000001,9.81
0.0,60.0,40.0,6.508090831537286,5.460936616411173,4.905000000000001,9.81
0.0,60.0,80.0,1.4752644225000708,8.366640298453468,4.905000000000001,9.81
0.0,60.0,120.0,-4.24785460556267,7.3575,4.905000000000001,9.81
0.0,60.0,160.0,-7.983355254037355,2.9057036820422955,4.905000000000001,9.81
0.0,60.0,200.0,-7.983355254037356,-2.9057036820422932,4.905000000000001,9.81
0.0,60.0,240.0,-4.247854605562675,-7.357499999999998,4.905000000000001,9.81
0.0,60.0,280.0,1.475264422500067,-8.366640298453468,4.905000000000001,9.81
0.0,60.0,320.0,6.508090831537284,-5.460936616411177,4.905000000000001,9.81
0.0,60.0,360.0,8.495709211125343,-2.0808486183782674e-15,4.905000000000001,9.81
0.0,70.0,0.0,9.21838460990976,0.0,3.3552176060248113,9.81
0.0,70.0,40.0,7.06169230495488,5.925463408575077,3.3552176060248113,9.81
0.0,70.0,80.0,1.6007556885437073,9.078336634087552,3.3552176060248113,9.81
0.0,70.0,120.0,-4.609192304954878,7.983355254037356,3.3552176060248113,9.81
0.0,70.0,160.0,-8.662447993498587,3.1528732255124767,3.3552176060248113,9.81
0.0,70.0,200.0,-8.662447993498587,-3.1528732255124745,3.3552176060248113,9.81
0.0,70.0,240.0,-4.609192304954885,-7.983355254037354,3.3552176060248113,9.81
0.0,70.0,280.0,1.600755688543703,-9.078336634087552,3.3552176060248113,9.81
0.0,70.0,320.0,7.061692304954878,-5.925463408575078,3.3552176060248113,9.81
0.0,70.0,360.0,9.21838460990976,-2.2578530411670424e-15,3.3552176060248113,9.81
0.0,80.0,0.0,9.66096405704976,0.0,1.7034886229125874,9.81
0.0,80.0,40.0,7.400727831075146,6.209947993498587,1.7034886229125874,9.81
0.0,80.0,80.0,1.6776088030124057,9.51419230495488,1.7034886229125874,9.81
0.0,80.0,120.0,-4.830482028524878,8.366640298453468,1.7034886229125874,9.81
0.0,80.0,160.0,-9.078336634087552,3.304244311456295,1.7034886229125874,9.81
0.0,80.0,200.0,-9.078336634087552,-3.304244311456293,1.7034886229125874,9.81
0.0,80.0,240.0,-4.830482028524885,-8.366640298453467,1.7034886229125874,9.81
0.0,80.0,280.0,1.6776088030124017,-9.51419230495488,1.7034886229125874,9.81
0.0,80.0,320.0,7.4007278310751445,-6.209947993498591,1.7034886229125874,9.81
0.0,80.0,360.0,9.66096405704976,-2.3662537418287234e-15,1.7034886229125874,9.81
0.0,90.0,0.0,9.81,0.0,6.006892549817768e-16,9.81
0.0,90.0,40.0,7.514895986997175,6.305746451024951,6.006892549817768e-16,9.81
0.0,90.0,80.0,1.7034886229125874,9.66096405704976,6.006892549817768e-16,9.81
0.0,90.0,120.0,-4.9049999999999985,8.495709211125344,6.006892549817768e-16,9.81
0.0,90.0,160.0,-9.21838460990976,3.355217606024812,6.006892549817768e-16,9.81
0.0,90.0,200.0,-9.218384609909762,-3.3552176060248096,6.006892549817768e-16,9.81
0.0,90.0,240.0,-4.905000000000005,-8.495709211125343,6.006892549817768e-16,9.810000000000002
0.0,90.0,280.0,1.7034886229125832,-9.660964057049762,6.006892549817768e-16,9.81
0.0,90.0,320.0,7.514895986997172,-6.3057464510249535,6.006892549817768e-16,9.81
0.0,90.0,360.0,9.81,-2.402757019927107e-15,6.006892549817768e-16,9.81
10.0,0.0,0.0,0.0,-1.7034886229125867,9.66096405704976,9.81
10.0,0.0,40.0,1.094981380050196,-1.3049479934985873,9.66096405704976,9.81
10.0,0.0,80.0,1.6776088030124048,-0.2958076950451195,9.66096405704976,9.81
10.0,0.0,120.0,1.4752644225000704,0.8517443114562929,9.66096405704976,9.81
10.0,0.0,160.0,0.5826274229622092,1.6007556885437064,9.66096405704976,9.81
10.0,0.0,200.0,-0.5826274229622088,1.6007556885437066,9.66096405704976,9.81
10.0,0.0,240.0,-1.4752644225000697,0.8517443114562941,9.66096405704976,9.81
10.0,0.0,280.0,-1.6776088030124052,-0.2958076950451187,9.66096405704976,9.81
10.0,0.0,320.0,-1.0949813800501966,-1.3049479934985866,9.66096405704976,9.81
10.0,0.0,360.0,-4.1723437788676635e-16,-1.7034886229125867,9.66096405704976,9.81
10.0,10.0,0.0,1.6776088030124048,-1.7034886229125867,9.51419230495488,9.81
10.0,10.0,40.0,2.380104281325329,-0.22660184102114717,9.51419230495488,9.81
10.0,10.0,80.0,1.9689225144935094,1.3563144606830269,9.51419230495488,9.81
10.0,10.0,120.0,0.6364600209938682,2.30459615247744,9.51419230495488,9.81
10.0,10.0,160.0,-0.9938091897940281,2.1745316917944133,9.51419230495488,9.81
10.0,10.0,200.0,-2.1590640357184463,1.0269796852930004,9.51419230495488,9.81
10.0,10.0,240.0,-2.3140688240062732,-0.6011075295648524,9.51419230495488,9.81
10.0,10.0,280.0,-1.3862950915313015,-1.9479298507732652,9.51419230495488,9.81
10.0,10.0,320.0,0.1901415212249359,-2.3832941459760275,9.51419230495488,9.81
10.0,10.0,360.0,1.6776088030124043,-1.7034886229125872,9.51419230495488,9.81
10.0,20.0,0.0,3.3042443114562934,-1.7034886229125867,9.078336634087552,9.81
10.0,20.0,40.0,3.6261793735487826,0.8189793092827483,9.078336634087552,9.81
10.0,20.0,80.0,2.2513848062631117,2.9582377207235226,9.078336634087552,9.81
10.0,20.0,120.0,-0.1768577332280755,3.7133038254876642,9.078336634087552,9.81
10.0,20.0,160.0,-2.5223465737870843,2.7308738015310143,9.078336634087552,9.81
10.0,20.0,200.0,-3.6876014197115032,0.47063757555639985,9.078336634087552,9.81
10.0,20.0,240.0,-3.1273865782282178,-2.0098152025750755,9.078336634087552,9.81
10.0,20.0,280.0,-1.1038327997617001,-3.549853110813761,9.078336634087552,9.81
10.0,20.0,320.0,1.4362166134483896,-3.428875296279923,9.078336634087552,9.81
10.0,20.0,360.0,3.304244311456293,-1.7034886229125874,9.078336634087552,9.81
10.0,30.0,0.0,4.83048202852488,-1.7034886229125867,8.366640298453468,9.81
10.0,30.0,40.0,4.795345295587769,1.8000260032507056,8.366640298453468,9.81
10.0,30.0,80.0,2.516413204518608,4.46128845743232,8.366640298453468,9.81
10.0,30.0,120.0,-0.9399765917623686,5.035064460683027,8.366640298453468,9.81
10.0,30.0,160.0,-3.956540894081566,3.2528778442718536,8.366640298453468,9.81
10.0,30.0,200.0,-5.121795740005984,-0.051366467184439435,8.366640298453468,9.81
10.0,30.0,240.0,-3.890505436762512,-3.3315758377704388,8.366640298453468,9.81
10.0,30.0,280.0,-0.8388044015062045,-5.0529038475225585,8.366640298453468,9.81
10.0,30.0,320.0,2.6053825354873754,-4.409921990247882,8.366640298453468,9.81
10.0,30.0,360.0,4.830482028524879,-1.7034886229125876,8.366640298453468,9.81
10.0,40.0,0.0,6.209947993498587,-1.7034886229125867,7.400727831075146,9.81
10.0,40.0,40.0,5.852077532527636,2.68672963352009,7.400727831075146,9.809999999999999
10.0,40.0,80.0,2.7559549554898455,5.819797234754894,7.400727831075146,9.81
10.0,40.0,120.0,-1.6297095742492216,6.229717030006272,7.400727831075146,9.81
10.0,40.0,160.0,-5.252814881992671,3.7246829913250434,7.400727831075146,9.81
10.0,40.0,200.0,-6.418069727917088,-0.5231716142376286,7.400727831075146,9.809999999999999
10.0,40.0,240.0,-4.580238419249366,-4.526228407093682,7.400727831075146,9.809999999999999
10.0,40.0,280.0,-0.5992626505349672,-6.411412624845132,7.400727831075146,9.809999999999999
10.0,40.0,320.0,3.662114772427242,-5.296625620517266,7.400727831075146,9.809999999999999
10.0,40.0,360.0,6.209947993498587,-1.7034886229125883,7.400727831075146,9.81
10.0,50.0,0.0,7.400727831075146,-1.7034886229125867,6.209947993498588,9.81
10.0,50.0,40.0,6.76426781008128,3.4521481589788525,6.209947993498588,9.81
10.0,50.0,80.0,2.9627317042875383,6.992486450930908,6.209947993498588,9.81
10.0,50.0,120.0,-2.225099493037501,7.26096261966188,6.209947993498588,9.81
10.0,50.0,160.0,-6.371781908344006,4.131953682042295,6.209947993498588,9.81
10.0,50.0,200.0,-7.537036754268425,-0.9304423049548801,6.209947993498588,9.81
10.0,50.0,240.0,-5.175628338037646,-5.557473996749291,6.209947993498588,9.81
10.0,50.0,280.0,-0.39248590173727477,-7.584101841021147,6.209947993498588,9.81
10.0,50.0,320.0,4.574305049980884,-6.062044145976029,6.209947993498588,9.81
10.0,50.0,360.0,7.400727831075146,-1.7034886229125885,6.209947993498588,9.81
10.0,60.0,0.0,8.366640298453468,-1.7034886229125867,4.830482028524882,9.81
10.0,60.0,40.0,7.504199688255783,4.073024725051391,4.830482028524882,9.81
10.0,60.0,80.0,3.130460644033552,7.94372453753623,4.830482028524882,9.81
10.0,60.0,120.0,-2.708055726726662,8.097467354243614,4.830482028524882,9.81
10.0,60.0,160.0,-7.279442726264524,4.462315202575079,4.830482028524882,9.81
10.0,60.0,200.0,-8.444697572188943,-1.2608038254876632,4.830482028524882,9.81
10.0,60.0,240.0,-5.6585845717268075,-6.393978731331024,4.830482028524882,9.81
10.0,60.0,280.0,-0.2247569619912613,-8.53533992762647,4.830482028524882,9.810000000000002
10.0,60.0,320.0,5.314236928155388,-6.682920712048568,4.830482028524882,9.81
10.0,60.0,360.0,8.366640298453468,-1.7034886229125887,4.830482028524882,9.81
10.0,70.0,0.0,9.078336634087552,-1.7034886229125867,3.3042443114562943,9.81
10.0,70.0,40.0,8.049390711356411,4.530494311456293,3.3042443114562943,9.809999999999999
10.0,70.0,80.0,3.254045415768643,8.644608606659054,3.3042443114562943,9.809999999999999
10.0,70.0,120.0,-3.0639038945437034,8.713814460683027,3.3042443114562943,9.809999999999999
10.0,70.0,160.0,-7.948218521100244,4.705729685293002,3.3042443114562943,9.81
10.0,70.0,200.0,-9.113473367024662,-1.5042183082055862,3.3042443114562943,9.809999999999999
10.0,70.0,240.0,-6.0144327395438495,-7.010325837770438,3.3042443114562943,9.81
10.0,70.0,280.0,-0.10117219025617107,-9.236223996749294,3.3042443114562943,9.81
10.0,70.0,320.0,5.859427951256016,-7.140390298453469,3.3042443114562943,9.809999999999999
10.0,70.0,360.0,9.078336634087552,-1.7034886229125887,3.3042443114562943,9.81
10.0,80.0,0.0,9.51419230495488,-1.7034886229125867,1.6776088030124057,9.81
10.0,80.0,40.0,8.383275526026225,4.810656936301426,1.6776088030124057,9.81
10.0,80.0,80.0,3.329730958740552,9.073842650523536,1.6776088030124057,9.809999999999999
10.0,80.0,120.0,-3.2818317299773674,9.091276544037644,1.6776088030124057,9.81
10.0,80.0,160.0,-8.357788878741964,4.854801104312351,1.6776088030124057,9.81
10.0,80.0,200.0,-9.523043724666383,-1.6532897272249352,1.6776088030124057,9.81
10.0,80.0,240.0,-6.232360574977514,-7.387787921125054,1.6776088030124057,9.81
10.0,80.0,280.0,-0.025486647284262007,-9.665458040613776,1.6776088030124057,9.81
10.0,80.0,320.0,6.193312765925829,-7.420552923298604,1.6776088030124057,9.81
10.0,80.0,360.0,9.51419230495488,-1.7034886229125892,1.6776088030124057,9.81
10.0,90.0,0.0,9.66096405704976,-1.7034886229125867,5.915634354571809e-16,9.81
10.0,90.0,40.0,8.495709211125343,4.904999999999999,5.915634354571809e-16,9.809999999999999
10.0,90.0,80.0,3.355217606024811,9.21838460990976,5.915634354571809e-16,9.81
10.0,90.0,120.0,-3.3552176060248082,9.218384609909762,5.915634354571809e-16,9.81
10.0,90.0,160.0,-8.495709211125343,4.905000000000001,5.915634354571809e-16,9.81
10.0,90.0,200.0,-9.66096405704976,-1.703488622912586,5.915634354571809e-16,9.81
10.0,90.0,240.0,-6.305746451024954,-7.514895986997172,5.915634354571809e-16,9.81
10.0,90.0,280.0,-3.5396685582611554e-15,-9.81,5.915634354571809e-16,9.81
10.0,90.0,320.0,6.305746451024948,-7.5148959869971765,5.915634354571809e-16,9.81
10.0,90.0,360.0,9.66096405704976,-1.7034886229125892,5.915634354571809e-16,9.81
20.0,0.0,0.0,0.0,-3.3552176060248105,9.218384609909762,9.81
20.0,0.0,40.0,2.1566923049548805,-2.570245802550266,9.218384609909762,9.81
20.0,0.0,80.0,3.3042443114562934,-0.5826274229622092,9.218384609909762,9.81
20.0,0.0,120.0,2.905703682042294,1.6776088030124043,9.218384609909762,9.81
20.0,0.0,160.0,1.147552006501413,3.1528732255124754,9.218384609909762,9.81
20.0,0.0,200.0,-1.1475520065014124,3.152873225512476,9.218384609909762,9.81
20.0,0.0,240.0,-2.9057036820422932,1.6776088030124066,9.218384609909762,9.81
20.0,0.0,280.0,-3.3042443114562934,-0.5826274229622077,9.218384609909762,9.81
20.0,0.0,320.0,-2.1566923049548814,-2.5702458025502657,9.218384609909762,9.81
20.0,0.0,360.0,-8.217913003322259e-16,-3.3552176060248105,9.218384609909762,9.81
20.0,10.0,0.0,1.6007556885437066,-3.3552176060248105,9.078336634087552,9.81
20.0,10.0,40.0,3.3829423049548804,-1.5412998798191266,9.078336634087552,9.81
20.0,10.0,80.0,3.58221261966188,0.9938091897940284,9.078336634087552,9.81
20.0,10.0,120.0,2.105325837770441,3.0639038945437056,9.078336634087552,9.81
20.0,10.0,160.0,-0.3566663017041736,3.700363915537573,9.078336634087552,9.81
20.0,10.0,200.0,-2.6517703147069995,2.6053825354873776,9.078336634087552,9.81
20.0,10.0,240.0,-3.706081526314147,0.2913137114811062,9.078336634087552,9.81
20.0,10.0,280.0,-3.026276003250707,-2.1590640357184454,9.078336634087552,9.81
20.0,10.0,320.0,-0.930442304954882,-3.5991917252814054,9.078336634087552,9.81
20.0,10.0,360.0,1.6007556885437058,-3.355217606024811,9.078336634087552,9.81
20.0,20.0,0.0,3.152873225512476,-3.3552176060248105,8.662447993498589,9.81
20.0,20.0,40.0,4.571933319217321,-0.5436179582784129,8.662447993498589,9.81
20.0,20.0,80.0,3.8517350014813916,2.5223465737870843,8.662447993498589,9.81
20.0,20.0,120.0,1.329267069286057,4.408077111217992,8.662447993498589,9.81
20.0,20.0,160.0,-1.815179697786125,4.231219377989916,8.662447993498589,9.81
20.0,20.0,200.0,-4.110283710788951,2.0745270730350356,8.662447993498589,9.81
20.0,20.0,240.0,-4.4821402947985325,-1.0528595051931802,8.662447993498589,9.81
20.0,20.0,280.0,-2.756753621431196,-3.687601419711501,8.662447993498589,9.81
20.0,20.0,320.0,0.25854870930755797,-4.59687364682212,8.662447993498589,9.81
20.0,20.0,360.0,3.1528732255124745,-3.355217606024811,8.662447993498589,9.81
20.0,30.0,0.0,4.60919230495488,-3.3552176060248105,7.983355254037358,9.81
20.0,30.0,40.0,5.6875384574323204,0.3924859017372715,7.983355254037358,9.81
20.0,30.0,80.0,4.104622155728147,3.956540894081567,7.983355254037358,9.81
20.0,30.0,120.0,0.601107529564855,5.669286430031083,7.983355254037358,9.810000000000002
20.0,30.0,160.0,-3.18367199024788,4.729309838268714,7.983355254037358,9.810000000000002
20.0,30.0,200.0,-5.478776003250706,1.5764366127562384,7.983355254037358,9.810000000000002
20.0,30.0,240.0,-5.210299834519735,-2.3140688240062706,7.983355254037358,9.81
20.0,30.0,280.0,-2.5038664671844413,-5.121795740005984,7.983355254037358,9.81
20.0,30.0,320.0,1.3741538475225574,-5.532977506837805,7.983355254037358,9.81
20.0,30.0,360.0,4.609192304954879,-3.3552176060248113,7.983355254037358,9.81
20.0,40.0,0.0,5.925463408575077,-3.3552176060248105,7.061692304954881,9.81
20.0,40.0,40.0,6.695860621998657,1.2385686581327608,7.061692304954881,9.81
20.0,40.0,80.0,4.333190234187433,5.252814881992671,7.061692304954881,9.81
20.0,40.0,120.0,-0.057028022245242393,6.809210644033551,7.061692304954881,9.81
20.0,40.0,160.0,-4.420562233273502,5.17950106978433,7.061692304954881,9.81
20.0,40.0,200.0,-6.715666246276328,1.1262453812406228,7.061692304954881,9.81
20.0,40.0,240.0,-5.868435386329834,-3.453993038008739,7.061692304954881,9.81
20.0,40.0,280.0,-2.275298388725156,-6.4180697279170875,7.061692304954881,9.81
20.0,40.0,320.0,2.382476012088893,-6.379060263233294,7.061692304954881,9.81
20.0,40.0,360.0,5.925463408575076,-3.355217606024812,7.061692304954881,9.81
20.0,50.0,0.0,7.061692304954881,-3.3552176060248105,5.9254634085750775,9.81
20.0,50.0,40.0,7.566262454181614,1.9689225144935096,5.9254634085750775,9.81
20.0,50.0,80.0,4.530494311456294,6.371781908344007,5.9254634085750775,9.81
20.0,50.0,120.0,-0.6251424704351448,7.7932137328124185,5.9254634085750775,9.81
20.0,50.0,160.0,-5.488268142725321,5.568114239774917,5.9254634085750775,9.81
20.0,50.0,200.0,-7.783372155728148,0.7376322112500358,5.9254634085750775,9.81
20.0,50.0,240.0,-6.436549834519736,-4.437996126787607,5.9254634085750775,9.81
20.0,50.0,280.0,-2.0779943114562958,-7.537036754268425,5.9254634085750775,9.81
20.0,50.0,320.0,3.2528778442718504,-7.109414119594045,5.9254634085750775,9.81
20.0,50.0,360.0,7.06169230495488,-3.355217606024812,5.9254634085750775,9.81
20.0,60.0,0.0,7.983355254037356,-3.3552176060248105,4.609192304954882,9.81
20.0,60.0,40.0,8.272297234754895,2.5613560384708802,4.609192304954882,9.81
20.0,60.0,80.0,4.690539402987595,7.2794427262645245,4.609192304954882,9.81
20.0,60.0,120.0,-1.0859739449763823,8.591397260444726,4.609192304954882,9.81
20.0,60.0,160.0,-6.354348014829901,5.883341533718063,4.609192304954882,9.81
20.0,60.0,200.0,-8.649452027832728,0.42240491730688917,4.609192304954882,9.810000000000002
20.0,60.0,240.0,-6.897381309060975,-5.236179654419913,4.609192304954882,9.81
20.0,60.0,280.0,-1.9179492199249957,-8.444697572188943,4.609192304954882,9.81
20.0,60.0,320.0,3.958912624845131,-7.701847643571416,4.609192304954882,9.810000000000002
20.0,60.0,360.0,7.983355254037355,-3.3552176060248122,4.609192304954882,9.81
20.0,70.0,0.0,8.662447993498587,-3.3552176060248105,3.1528732255124763,9.81
20.0,70.0,40.0,8.792512454181614,2.99786843722465,3.1528732255124763,9.81
20.0,70.0,80.0,4.8084626196618805,7.9482185211002445,3.1528732255124763,9.81
20.0,70.0,120.0,-1.4255203147069977,9.179508824343719,3.1528732255124763,9.81
20.0,70.0,160.0,-6.992486450930907,6.115604929800014,3.1528732255124763,9.81
20.0,70.0,200.0,-9.287590463933732,0.19014152122493808,3.1528732255124763,9.809999999999999
20.0,70.0,240.0,-7.236927678791591,-5.824291218318907,3.1528732255124763,9.81
20.0,70.0,280.0,-1.8000260032507096,-9.113473367024662,3.1528732255124763,9.81
20.0,70.0,320.0,4.479127844271851,-8.138360042325184,3.1528732255124763,9.81
20.0,70.0,360.0,8.662447993498587,-3.3552176060248122,3.1528732255124763,9.81
20.0,80.0,0.0,9.078336634087552,-3.3552176060248105,1.6007556885437075,9.81
20.0,80.0,40.0,9.111101636261097,3.265196502404614,1.6007556885437075,9.81
20.0,80.0,80.0,4.880680924212531,8.357788878741966,1.6007556885437075,9.81
20.0,80.0,120.0,-1.63346463500148,9.53967895223914,1.6007556885437075,9.81
20.0,80.0,160.0,-7.3832939375610405,6.257847222261771,1.6007556885437075,9.81
20.0,80.0,200.0,-9.678397950563868,0.04789922876318227,1.6007556885437075,9.810000000000002
20.0,80.0,240.0,-7.444871999086073,-6.184461346214327,1.6007556885437075,9.81
20.0,80.0,280.0,-1.727807698700059,-9.523043724666383,1.6007556885437075,9.81
20.0,80.0,320.0,4.797717026351332,-8.40568810750515,1.6007556885437075,9.81
20.0,80.0,360.0,9.078336634087552,-3.3552176060248122,1.6007556885437075,9.81
20.0,90.0,0.0,9.218384609909762,-3.3552176060248105,5.644632602917606e-16,9.81
20.0,90.0,40.0,9.218384609909762,3.3552176060248105,5.644632602917606e-16,9.81
20.0,90.0,80.0,4.905,8.495709211125343,5.644632602917606e-16,9.81
20.0,90.0,120.0,-1.7034886229125847,9.660964057049762,5.644632602917606e-16,9.81
20.0,90.0,160.0,-7.514895986997174,6.305746451024953,5.644632602917606e-16,9.81
20.0,90.0,200.0,-9.81,5.445643935786393e-16,5.644632602917606e-16,9.81
20.0,90.0,240.0,-7.514895986997178,-6.305746451024948,5.644632602917606e-16,9.81
20.0,90.0,280.0,-1.7034886229125898,-9.66096405704976,5.644632602917606e-16,9.81
20.0,90.0,320.0,4.904999999999998,-8.495709211125344,5.644632602917606e-16,9.81
20.0,90.0,360.0,9.21838460990976,-3.3552176060248122,5.644632602917606e-16,9.81
30.0,0.0,0.0,0.0,-4.904999999999999,8.495709211125344,9.81
30.0,0.0,40.0,3.1528732255124745,-3.757447993498587,8.495709211125344,9.81
30.0,0.0,80.0,4.83048202852488,-0.8517443114562936,8.495709211125344,9.81
30.0,0.0,120.0,4.247854605562671,2.452499999999999,8.495709211125344,9.81
30.0,0.0,160.0,1.6776088030124057,4.60919230495488,8.495709211125344,9.81
30.0,0.0,200.0,-1.6776088030124046,4.60919230495488,8.495709211125344,9.81
30.0,0.0,240.0,-4.2478546055626705,2.452500000000002,8.495709211125344,9.81
30.0,0.0,280.0,-4.83048202852488,-0.8517443114562914,8.495709211125344,9.81
30.0,0.0,320.0,-3.1528732255124763,-3.7574479934985856,8.495709211125344,9.81
30.0,0.0,360.0,-1.2013785099635533e-15,-4.904999999999999,8.495709211125344,9.81
30.0,10.0,0.0,1.4752644225000704,-4.904999999999999,8.366640298453468,9.81
30.0,10.0,40.0,4.282991338499782,-2.809166301704174,8.366640298453468,9.81
30.0,10.0,80.0,5.0866590070688735,0.6011075295648532,8.366640298453468,9.81
30.0,10.0,120.0,3.510222394312637,3.7301164671844393,8.366640298453468,9.81
30.0,10.0,160.0,0.2913137114811051,5.113762454181614,8.366640298453468,9.81
30.0,10.0,200.0,-3.0639038945437056,4.104622155728147,8.366640298453468,9.81
30.0,10.0,240.0,-4.985486816812706,1.174883532815562,8.366640298453468,9.81
30.0,10.0,280.0,-4.574305049980888,-2.3045961524774383,8.366640298453468,9.81
30.0,10.0,320.0,-2.0227551125251697,-4.705729685292999,8.366640298453468,9.81
30.0,10.0,360.0,1.4752644225000693,-4.905,8.366640298453468,9.81
30.0,20.0,0.0,2.905703682042294,-4.904999999999999,7.983355254037358,9.81
30.0,20.0,40.0,5.378771384491328,-1.8896976692612446,7.983355254037358,9.81
30.0,20.0,80.0,5.3350521777516136,2.0098152025750773,7.983355254037358,9.81
30.0,20.0,120.0,2.7950027645415254,4.968913204518607,7.983355254037358,9.81
30.0,20.0,160.0,-1.0528595051931815,5.603001494748909,7.983355254037358,9.81
30.0,20.0,200.0,-4.408077111217993,3.615383115160852,7.983355254037358,9.810000000000002
30.0,20.0,240.0,-5.700706446583819,-0.06391320451860552,7.983355254037358,9.810000000000002
30.0,20.0,280.0,-4.325911879298148,-3.7133038254876625,7.983355254037358,9.81
30.0,20.0,320.0,-0.9269750665336237,-5.625198317735928,7.983355254037358,9.81
30.0,20.0,360.0,2.9057036820422932,-4.905,7.983355254037358,9.81
30.0,30.0,0.0,4.247854605562671,-4.904999999999999,7.357500000000002,9.81
30.0,30.0,40.0,6.406918641281117,-1.0269796852930002,7.357500000000002,9.81
30.0,30.0,80.0,5.568114239774916,3.33157583777044,7.357500000000002,9.81
30.0,30.0,120.0,2.1239273027813366,6.13125,7.357500000000002,9.81
30.0,30.0,160.0,-2.314068824006272,6.062044145976027,7.357500000000002,9.81
30.0,30.0,200.0,-5.669286430031083,3.156340463933734,7.357500000000002,9.81
30.0,30.0,240.0,-6.3717819083440075,-1.2262499999999974,7.357500000000002,9.81
30.0,30.0,280.0,-4.092849817274847,-5.035064460683026,7.357500000000002,9.81
30.0,30.0,320.0,0.10117219025616563,-6.487916301704175,7.357500000000002,9.81
30.0,30.0,360.0,4.2478546055626705,-4.905,7.357500000000002,9.81
30.0,40.0,0.0,5.460936616411174,-4.904999999999999,6.508090831537286,9.81
30.0,40.0,40.0,7.336193374739208,-0.24722559918595044,6.508090831537286,9.81
30.0,40.0,80.0,5.778763720319294,4.526228407093685,6.508090831537286,9.81
30.0,40.0,120.0,1.517386297357086,7.1818098382687126,6.508090831537286,9.81
30.0,40.0,160.0,-3.4539930380087416,6.476942629192223,6.508090831537286,9.81
30.0,40.0,200.0,-6.809210644033552,2.7414419807175388,6.508090831537286,9.81
30.0,40.0,240.0,-6.9783229137682605,-2.27680983826871,6.508090831537286,9.81
30.0,40.0,280.0,-3.88220033673047,-6.229717030006269,6.508090831537286,9.81
30.0,40.0,320.0,1.0304469237142566,-7.267670387811224,6.508090831537286,9.81
30.0,40.0,360.0,5.460936616411173,-4.905000000000001,6.508090831537286,9.81
30.0,50.0,0.0,6.508090831537286,-4.904999999999999,5.460936616411176,9.81
30.0,50.0,40.0,8.138360042325182,0.42587215572814713,5.460936616411176,9.81
30.0,50.0,80.0,5.960600141512187,5.557473996749294,5.460936616411176,9.81
30.0,50.0,120.0,0.9938091897940297,8.08867199024788,5.460936616411176,9.81
30.0,50.0,160.0,-4.437996126787607,6.835090463933734,5.460936616411176,9.81
30.0,50.0,200.0,-7.793213732812419,2.3832941459760275,5.460936616411176,9.81
30.0,50.0,240.0,-7.501900021331316,-3.1836719902478783,5.460936616411176,9.81
30.0,50.0,280.0,-3.7003639155375763,-7.260962619661879,5.460936616411176,9.81
30.0,50.0,320.0,1.8326135913002288,-7.940768142725322,5.460936616411176,9.81
30.0,50.0,360.0,6.5080908315372845,-4.905000000000001,5.460936616411176,9.81
30.0,60.0,0.0,7.3575,-4.904999999999999,4.247854605562673,9.81
30.0,60.0,40.0,8.789045215760355,0.9718618447701259,4.247854605562673,9.81
30.0,60.0,80.0,6.108098495709321,6.393978731331028,4.247854605562673,9.81
30.0,60.0,120.0,0.569104605562673,8.824281908344007,4.247854605562673,9.81
30.0,60.0,160.0,-5.236179654419915,7.1256055094734885,4.247854605562673,9.81
30.0,60.0,200.0,-8.591397260444726,2.0927791004362732,4.247854605562673,9.81
30.0,60.0,240.0,-7.926604605562674,-3.919281908344005,4.247854605562673,9.810000000000002
30.0,60.0,280.0,-3.552865561340443,-8.097467354243614,4.247854605562673,9.810000000000002
30.0,60.0,320.0,2.483298764735404,-8.486757831767301,4.247854605562673,9.81
30.0,60.0,360.0,7.357499999999999,-4.905000000000001,4.247854605562673,9.81
30.0,70.0,0.0,7.983355254037356,-4.904999999999999,2.9057036820422955,9.81
30.0,70.0,40.0,9.268478155312488,1.3741538475225608,2.9057036820422955,9.81
30.0,70.0,80.0,6.216777120056181,7.010325837770441,2.9057036820422955,9.81
30.0,70.0,120.0,0.256176978543995,9.36628845743232,2.9057036820422955,9.81
30.0,70.0,160.0,-5.824291218318908,7.3396606131604685,2.9057036820422955,9.81
30.0,70.0,200.0,-9.17950882434372,1.878723996749294,2.9057036820422955,9.810000000000002
30.0,70.0,240.0,-8.239532232581352,-4.4612884574323175,2.9057036820422955,9.81
30.0,70.0,280.0,-3.444186936993583,-8.713814460683027,2.9057036820422955,9.81
30.0,70.0,320.0,2.962731704287536,-8.889049834519735,2.9057036820422955,9.81
30.0,70.0,360.0,7.983355254037355,-4.905000000000001,2.9057036820422955,9.81
30.0,80.0,0.0,8.366640298453468,-4.904999999999999,1.4752644225000708,9.81
30.0,80.0,40.0,9.56209153371806,1.620524725051392,1.4752644225000708,9.809999999999999
30.0,80.0,80.0,6.283333869546027,7.387787921125057,1.4752644225000708,9.81
30.0,80.0,120.0,0.06453445633593922,9.698223042787323,1.4752644225000708,9.810000000000002
30.0,80.0,160.0,-6.184461346214328,7.470751818986253,1.4752644225000708,9.81
30.0,80.0,200.0,-9.53967895223914,1.74763279092351,1.4752644225000708,9.81
30.0,80.0,240.0,-8.431174754789408,-4.793223042787319,1.4752644225000708,9.81
30.0,80.0,280.0,-3.3776301875037364,-9.091276544037642,1.4752644225000708,9.81
30.0,80.0,320.0,3.2563450826931093,-9.135420712048568,1.4752644225000708,9.81
30.0,80.0,360.0,8.366640298453468,-4.905000000000001,1.4752644225000708,9.81
30.0,90.0,0.0,8.495709211125344,-4.904999999999999,5.202121545945668e-16,9.81
30.0,90.0,40.0,9.66096405704976,1.7034886229125874,5.202121545945668e-16,9.81
30.0,90.0,80.0,6.305746451024951,7.514895986997176,5.202121545945668e-16,9.81
30.0,90.0,120.0,1.0891287871572786e-15,9.81,5.202121545945668e-16,9.81
30.0,90.0,160.0,-6.305746451024951,7.514895986997176,5.202121545945668e-16,9.81
30.0,90.0,200.0,-9.660964057049762,1.703488622912587,5.202121545945668e-16,9.81
30.0,90.0,240.0,-8.495709211125346,-4.904999999999998,5.202121545945668e-16,9.810000000000002
30.0,90.0,280.0,-3.355217606024813,-9.21838460990976,5.202121545945668e-16,9.81
30.0,90.0,320.0,3.3552176060248087,-9.218384609909762,5.202121545945668e-16,9.81
30.0,90.0,360.0,8.495709211125343,-4.905000000000001,5.202121545945668e-16,9.81
40.0,0.0,0.0,0.0,-6.305746451024951,7.514895986997175,9.81
40.0,0.0,40.0,4.053255688543706,-4.83048202852488,7.514895986997175,9.81
40.0,0.0,80.0,6.209947993498587,-1.0949813800501964,7.514895986997175,9.81
40.0,0.0,120.0,5.460936616411174,3.1528732255124736,7.514895986997175,9.81
40.0,0.0,160.0,2.1566923049548814,5.925463408575077,7.514895986997175,9.81
40.0,0.0,200.0,-2.15669230495488,5.925463408575077,7.514895986997175,9.81
40.0,0.0,240.0,-5.460936616411172,3.152873225512478,7.514895986997175,9.81
40.0,0.0,280.0,-6.209947993498587,-1.0949813800501937,7.514895986997175,9.81
40.0,0.0,320.0,-4.053255688543708,-4.830482028524879,7.514895986997175,9.81
40.0,0.0,360.0,-1.5444624414964975e-15,-6.305746451024951,7.514895986997175,9.81
40.0,10.0,0.0,1.3049479934985873,-6.305746451024951,7.400727831075146,9.81
40.0,10.0,40.0,5.0529038475225585,-3.9916776270186776,7.400727831075146,9.809999999999999
40.0,10.0,80.0,6.4365498345197345,0.1901415212249366,7.400727831075146,9.81
40.0,10.0,120.0,4.8084626196618805,4.282991338499781,7.400727831075146,9.809999999999999
40.0,10.0,160.0,0.9304423049548817,6.371781908344007,7.400727831075146,9.809999999999999
40.0,10.0,200.0,-3.38294230495488,5.479144908806146,7.400727831075146,9.809999999999999
40.0,10.0,240.0,-6.113410613160466,2.022755112525171,7.400727831075146,9.81
40.0,10.0,280.0,-5.9833461524774405,-2.380104281325327,7.400727831075146,9.809999999999999
40.0,10.0,320.0,-3.0536075295648555,-5.669286430031082,7.400727831075146,9.81
40.0,10.0,360.0,1.3049479934985855,-6.305746451024951,7.400727831075146,9.809999999999999
40.0,20.0,0.0,2.570245802550266,-6.305746451024951,7.061692304954881,9.81
40.0,20.0,40.0,6.022178203037215,-3.178359872796734,7.061692304954881,9.81
40.0,20.0,80.0,6.656266493267517,1.436216613448391,7.061692304954881,9.81
40.0,20.0,120.0,4.175813715136042,5.378771384491327,7.061692304954881,9.81
40.0,20.0,160.0,-0.2585487093075585,6.804539246345517,7.061692304954881,9.81
40.0,20.0,200.0,-4.571933319217321,5.046387570804636,7.061692304954881,9.81
40.0,20.0,240.0,-6.746059517686306,0.9269750665336256,7.061692304954881,9.81
40.0,20.0,280.0,-5.763629493729658,-3.626179373548781,7.061692304954881,9.81
40.0,20.0,320.0,-2.084333174050199,-6.482604184253026,7.061692304954881,9.81
40.0,20.0,360.0,2.5702458025502644,-6.305746451024952,7.061692304954881,9.81
40.0,30.0,0.0,3.757447993498587,-6.305746451024951,6.508090831537286,9.81
40.0,30.0,40.0,6.931627844271852,-2.41524101426244,6.508090831537286,9.81
40.0,30.0,80.0,6.8624219902478805,2.6053825354873763,6.508090831537286,9.81
40.0,30.0,120.0,3.582212619661882,6.406918641281116,6.508090831537286,9.81
40.0,30.0,160.0,-1.374153847522558,7.21058630985021,6.508090831537286,9.81
40.0,30.0,200.0,-5.6875384574323204,4.6403405072999435,6.508090831537286,9.81
40.0,30.0,240.0,-7.339660613160467,-0.10117219025616399,6.508090831537286,9.81
40.0,30.0,280.0,-5.5574739967492945,-4.795345295587767,6.508090831537286,9.81
40.0,30.0,320.0,-1.1748835328155625,-7.245723042787319,6.508090831537286,9.81
40.0,30.0,360.0,3.757447993498585,-6.305746451024952,6.508090831537286,9.81
40.0,40.0,0.0,4.83048202852488,-6.305746451024951,5.756744311456293,9.81
40.0,40.0,40.0,7.753619604081279,-1.725508031775587,5.756744311456293,9.809999999999999
40.0,40.0,80.0,7.04875239500479,3.662114772427244,5.756744311456293,9.81
40.0,40.0,120.0,3.045695602148736,7.336193374739208,5.756744311456293,9.81
40.0,40.0,160.0,-2.3824760120888944,7.577585564303224,5.756744311456293,9.81
40.0,40.0,200.0,-6.695860621998656,4.27334125284693,5.756744311456293,9.81
40.0,40.0,240.0,-7.876177630673614,-1.0304469237142544,5.756744311456293,9.81
40.0,40.0,280.0,-5.371143591992386,-5.852077532527634,5.756744311456293,9.81
40.0,40.0,320.0,-0.3528917730061359,-7.935456025274173,5.756744311456293,9.81
40.0,40.0,360.0,4.830482028524878,-6.305746451024952,5.756744311456293,9.81
40.0,50.0,0.0,5.756744311456293,-6.305746451024951,4.830482028524881,9.81
40.0,50.0,40.0,8.463177678791586,-1.1301181129873072,4.830482028524881,9.81
40.0,50.0,80.0,7.209596152477441,4.574305049980887,4.830482028524881,9.81
40.0,50.0,120.0,2.5825644606830287,8.13836004232518,4.830482028524881,9.81
40.0,50.0,160.0,-3.2528778442718513,7.894385923068587,4.830482028524881,9.81
40.0,50.0,200.0,-7.566262454181614,3.9565408940815674,4.830482028524881,9.81
40.0,50.0,240.0,-8.339308772139322,-1.8326135913002282,4.830482028524881,9.81
40.0,50.0,280.0,-5.210299834519736,-6.764267810081278,4.830482028524881,9.81
40.0,50.0,320.0,0.3566663017041709,-8.530845944062454,4.830482028524881,9.81
40.0,50.0,360.0,5.756744311456292,-6.305746451024952,4.830482028524881,9.81
40.0,60.0,0.0,6.508090831537286,-6.305746451024951,3.7574479934985883,9.81
40.0,60.0,40.0,9.038742505356414,-0.6471618792981466,3.7574479934985883,9.81
40.0,60.0,80.0,7.340066106485894,5.31423692815539,3.7574479934985883,9.81
40.0,60.0,120.0,2.206891200642533,8.789045215760355,3.7574479934985883,9.81
40.0,60.0,160.0,-3.958912624845132,8.15136156755393,3.7574479934985883,9.81
40.0,60.0,200.0,-8.272297234754893,3.699565249596224,3.7574479934985883,9.81
40.0,60.0,240.0,-8.714982032179817,-2.4832987647354012,3.7574479934985883,9.81
40.0,60.0,280.0,-5.079829880511282,-7.504199688255782,3.7574479934985883,9.81
40.0,60.0,320.0,0.9322311282689969,-9.013802177751614,3.7574479934985883,9.81
40.0,60.0,360.0,6.5080908315372845,-6.305746451024952,3.7574479934985883,9.81
40.0,70.0,0.0,7.06169230495488,-6.305746451024951,2.570245802550267,9.809999999999999
40.0,70.0,40.0,9.462825837770438,-0.29131371148110424,2.570245802550267,9.809999999999999
40.0,70.0,80.0,7.436197993498587,5.859427951256019,2.570245802550267,9.809999999999999
40.0,70.0,120.0,1.9300904639337357,9.268478155312488,2.570245802550267,9.81
40.0,70.0,160.0,-4.479127844271852,8.340704422837518,2.570245802550267,9.81
40.0,70.0,200.0,-8.792512454181614,3.510222394312637,2.570245802550267,9.81
40.0,70.0,240.0,-8.991782768888616,-2.9627317042875343,2.570245802550267,9.81
40.0,70.0,280.0,-4.983697993498589,-8.049390711356411,2.570245802550267,9.81
40.0,70.0,320.0,1.3563144606830237,-9.369650345568656,2.570245802550267,9.809999999999999
40.0,70.0,360.0,7.061692304954879,-6.305746451024953,2.570245802550267,9.81
40.0,80.0,0.0,7.400727831075146,-6.305746451024951,1.3049479934985877,9.81
40.0,80.0,40.0,9.72254211857479,-0.07338587604743993,1.3049479934985877,9.81
40.0,80.0,80.0,7.49507089477372,6.193312765925831,1.3049479934985877,9.81
40.0,80.0,120.0,1.7605727008736025,9.56209153371806,1.3049479934985877,9.809999999999999
40.0,80.0,160.0,-4.797717026351334,8.456661402073665,1.3049479934985877,9.81
40.0,80.0,200.0,-9.111101636261097,3.3942654150764895,1.3049479934985877,9.81
40.0,80.0,240.0,-9.161300531948749,-3.256345082693108,1.3049479934985877,9.81
40.0,80.0,280.0,-4.924825092223457,-8.383275526026221,1.3049479934985877,9.809999999999999
40.0,80.0,320.0,1.6160307414873727,-9.587578181002321,1.3049479934985877,9.81
40.0,80.0,360.0,7.400727831075145,-6.305746451024953,1.3049479934985877,9.81
40.0,90.0,0.0,7.514895986997175,-6.305746451024951,4.60154665820069e-16,9.81
40.0,90.0,40.0,9.809999999999999,0.0,4.60154665820069e-16,9.809999999999999
40.0,90.0,80.0,7.514895986997175,6.305746451024951,4.60154665820069e-16,9.81
40.0,90.0,120.0,1.7034886229125885,9.66096405704976,4.60154665820069e-16,9.81
40.0,90.0,160.0,-4.9049999999999985,8.495709211125344,4.60154665820069e-16,9.81
40.0,90.0,200.0,-9.21838460990976,3.3552176060248105,4.60154665820069e-16,9.809999999999999
40.0,90.0,240.0,-9.218384609909762,-3.355217606024807,4.60154665820069e-16,9.81
40.0,90.0,280.0,-4.905000000000002,-8.495709211125343,4.60154665820069e-16,9.81
40.0,90.0,320.0,1.7034886229125832,-9.660964057049762,4.60154665820069e-16,9.81
40.0,90.0,360.0,7.514895986997174,-6.305746451024953,4.60154665820069e-16,9.81
50.0,0.0,0.0,0.0,-7.514895986997175,6.305746451024952,9.81
50.0,0.0,40.0,4.83048202852488,-5.756744311456293,6.305746451024952,9.81
50.0,0.0,80.0,7.400727831075146,-1.3049479934985877,6.305746451024952,9.81
50.0,0.0,120.0,6.508090831537286,3.7574479934985856,6.305746451024952,9.81
50.0,0.0,160.0,2.570245802550268,7.06169230495488,6.305746451024952,9.81
50.0,0.0,200.0,-2.570245802550266,7.061692304954881,6.305746451024952,9.81
50.0,0.0,240.0,-6.5080908315372845,3.7574479934985905,6.305746451024952,9.81
50.0,0.0,280.0,-7.400727831075148,-1.3049479934985846,6.305746451024952,9.81
50.0,0.0,320.0,-4.830482028524883,-5.756744311456291,6.305746451024952,9.81
50.0,0.0,360.0,-1.840618663280276e-15,-7.514895986997175,6.305746451024952,9.81
50.0,10.0,0.0,1.0949813800501962,-7.514895986997175,6.209947993498588,9.81
50.0,10.0,40.0,5.669286430031083,-5.05290384752256,6.209947993498588,9.81
50.0,10.0,80.0,7.590869352300084,-0.22660184102114755,6.209947993498588,9.81
50.0,10.0,120.0,5.960600141512188,4.705729685292999,6.209947993498588,9.81
50.0,10.0,160.0,1.5412998798191284,7.436197993498587,6.209947993498588,9.81
50.0,10.0,200.0,-3.5991917252814054,6.687186616411174,6.209947993498588,9.81
50.0,10.0,240.0,-7.055581521562384,2.8091663017041775,6.209947993498588,9.81
50.0,10.0,280.0,-7.2105863098502105,-2.383294145976025,6.209947993498588,9.81
50.0,10.0,320.0,-3.9916776270186802,-6.460584775390025,6.209947993498588,9.81
50.0,10.0,360.0,1.0949813800501944,-7.514895986997175,6.209947993498588,9.81
50.0,20.0,0.0,2.1566923049548805,-7.514895986997175,5.9254634085750775,9.81
50.0,20.0,40.0,6.482604184253027,-4.370449219924993,5.9254634085750775,9.81
50.0,20.0,80.0,7.775233519618854,0.818979309282748,5.9254634085750775,9.81
50.0,20.0,120.0,5.429744679059847,5.625198317735928,5.9254634085750775,9.81
50.0,20.0,160.0,0.5436179582784145,7.799324516204916,5.9254634085750775,9.81
50.0,20.0,200.0,-4.59687364682212,6.324060093704847,5.9254634085750775,9.81
50.0,20.0,240.0,-7.5864369840147265,1.8896976692612488,5.9254634085750775,9.810000000000002
50.0,20.0,280.0,-7.026222142531442,-3.4288752962799203,5.9254634085750775,9.81
50.0,20.0,320.0,-3.1783598727967366,-7.1430394029875925,5.9254634085750775,9.81
50.0,20.0,360.0,2.1566923049548787,-7.514895986997175,5.9254634085750775,9.81
50.0,30.0,0.0,3.1528732255124754,-7.514895986997175,5.460936616411176,9.81
50.0,30.0,40.0,7.245723042787319,-3.7301164671844402,5.460936616411176,9.81
50.0,30.0,80.0,7.948218521100245,1.8000260032507056,5.460936616411176,9.81
50.0,30.0,120.0,4.931654218781048,6.487916301704172,5.460936616411176,9.81
50.0,30.0,160.0,-0.39248590173727044,8.14003845743232,5.460936616411176,9.81
50.0,30.0,200.0,-5.5329775068378035,5.9833461524774405,5.460936616411176,9.81
50.0,30.0,240.0,-8.084527444293524,1.026979685293004,5.460936616411176,9.810000000000002
50.0,30.0,280.0,-6.853237141050052,-4.409921990247878,5.460936616411176,9.81
50.0,30.0,320.0,-2.415241014262443,-7.783372155728145,5.460936616411176,9.81
50.0,30.0,360.0,3.1528732255124736,-7.514895986997176,5.460936616411176,9.81
50.0,40.0,0.0,4.0532556885437065,-7.514895986997175,4.830482028524881,9.81
50.0,40.0,40.0,7.935456025274173,-3.1513617759689163,4.830482028524881,9.81
50.0,40.0,80.0,8.10456829500888,2.6867296335200903,4.830482028524881,9.81
50.0,40.0,120.0,4.481462987265434,7.267670387811223,4.830482028524881,9.81
50.0,40.0,160.0,-1.2385686581327593,8.447987396486182,4.830482028524881,9.81
50.0,40.0,200.0,-6.379060263233294,5.67539721342358,4.830482028524881,9.81
50.0,40.0,240.0,-8.53471867580914,0.24722559918595535,4.830482028524881,9.81
50.0,40.0,280.0,-6.696887367141415,-5.296625620517263,4.830482028524881,9.81
50.0,40.0,320.0,-1.7255080317755898,-8.36212684694367,4.830482028524881,9.81
50.0,40.0,360.0,4.053255688543705,-7.514895986997176,4.830482028524881,9.81
50.0,50.0,0.0,4.830482028524881,-7.514895986997175,4.053255688543707,9.81
50.0,50.0,40.0,8.530845944062454,-2.651770314707,4.053255688543707,9.81
50.0,50.0,80.0,8.23953223258135,3.452148158978853,4.053255688543707,9.81
50.0,50.0,120.0,4.092849817274846,7.94076814272532,4.053255688543707,9.81
50.0,50.0,160.0,-1.968922514493508,8.713814460683027,4.053255688543707,9.81
50.0,50.0,200.0,-7.109414119594042,5.409570149226735,4.053255688543707,9.81
50.0,50.0,240.0,-8.923331845799728,-0.4258721557281433,4.053255688543707,9.810000000000002
50.0,50.0,280.0,-6.561923429568947,-6.062044145976026,4.053255688543707,9.81
50.0,50.0,320.0,-1.1301181129873106,-8.861718308205585,4.053255688543707,9.809999999999999
50.0,50.0,360.0,4.830482028524879,-7.514895986997176,4.053255688543707,9.81
50.0,60.0,0.0,5.460936616411174,-7.514895986997175,3.1528732255124763,9.81
50.0,60.0,40.0,9.013802177751614,-2.246521917143657,3.1528732255124763,9.81
50.0,60.0,80.0,8.34900952286956,4.073024725051391,3.1528732255124763,9.81
50.0,60.0,120.0,3.7776225233317,8.4867578317673,3.1528732255124763,9.81
50.0,60.0,160.0,-2.561356038470879,8.929442629192224,3.1528732255124763,9.81
50.0,60.0,200.0,-7.701847643571414,5.19394198071754,3.1528732255124763,9.810000000000002
50.0,60.0,240.0,-9.238559139742875,-0.9718618447701216,3.1528732255124763,9.810000000000002
50.0,60.0,280.0,-6.452446139280736,-6.682920712048564,3.1528732255124763,9.81
50.0,60.0,320.0,-0.64716187929815,-9.26696670576893,3.1528732255124763,9.81
50.0,60.0,360.0,5.460936616411172,-7.514895986997176,3.1528732255124763,9.81
50.0,70.0,0.0,5.925463408575077,-7.514895986997175,2.1566923049548814,9.81
50.0,70.0,40.0,9.369650345568656,-1.9479298507732663,2.1566923049548814,9.81
50.0,70.0,80.0,8.429673753806286,4.530494311456294,2.1566923049548814,9.81
50.0,70.0,120.0,3.545359127249749,8.889049834519733,2.1566923049548814,9.81
50.0,70.0,160.0,-2.9978684372246467,9.088320149226734,2.1566923049548814,9.809999999999999
50.0,70.0,200.0,-8.138360042325182,5.035064460683028,2.1566923049548814,9.81
50.0,70.0,240.0,-9.470822535824826,-1.3741538475225559,2.1566923049548814,9.810000000000002
50.0,70.0,280.0,-6.37178190834401,-7.1403902984534655,2.1566923049548814,9.81
50.0,70.0,320.0,-0.2913137114811081,-9.565558772139319,2.1566923049548814,9.809999999999999
50.0,70.0,360.0,5.925463408575074,-7.514895986997176,2.1566923049548814,9.809999999999999
50.0,80.0,0.0,6.209947993498588,-7.514895986997175,1.0949813800501969,9.81
50.0,80.0,40.0,9.587578181002321,-1.7650666844376153,1.0949813800501969,9.81
50.0,80.0,80.0,8.479073983552587,4.8106569363014255,1.0949813800501969,9.809999999999999
50.0,80.0,120.0,3.4031168347879936,9.135420712048566,1.0949813800501969,9.81
50.0,80.0,160.0,-3.2651965024046135,9.185619607736216,1.0949813800501969,9.81
50.0,80.0,200.0,-8.405688107505147,4.937765002173546,1.0949813800501969,9.810000000000002
50.0,80.0,240.0,-9.613064828286582,-1.6205247250513881,1.0949813800501969,9.810000000000002
50.0,80.0,280.0,-6.32238167859771,-7.420552923298599,1.0949813800501969,9.81
50.0,80.0,320.0,-0.07338587604744373,-9.748421938474971,1.0949813800501969,9.81
50.0,80.0,360.0,6.209947993498586,-7.514895986997176,1.0949813800501969,9.81
50.0,90.0,0.0,6.305746451024952,-7.514895986997175,3.8611561037412444e-16,9.81
50.0,90.0,40.0,9.66096405704976,-1.703488622912587,3.8611561037412444e-16,9.81
50.0,90.0,80.0,8.495709211125343,4.905,3.8611561037412444e-16,9.81
50.0,90.0,120.0,3.355217606024812,9.21838460990976,3.8611561037412444e-16,9.81
50.0,90.0,160.0,-3.3552176060248087,9.218384609909762,3.8611561037412444e-16,9.81
50.0,90.0,200.0,-8.495709211125343,4.905,3.8611561037412444e-16,9.81
50.0,90.0,240.0,-9.660964057049764,-1.7034886229125825,3.8611561037412444e-16,9.810000000000002
50.0,90.0,280.0,-6.3057464510249535,-7.514895986997172,3.8611561037412444e-16,9.81
50.0,90.0,320.0,-3.2673863614718357e-15,-9.81,3.8611561037412444e-16,9.81
50.0,90.0,360.0,6.305746451024949,-7.514895986997176,3.8611561037412444e-16,9.81
60.0,0.0,0.0,0.0,-8.495709211125343,4.905000000000001,9.81
60.0,0.0,40.0,5.460936616411173,-6.508090831537286,4.905000000000001,9.81
60.0,0.0,80.0,8.366640298453468,-1.4752644225000708,4.905000000000001,9.81
60.0,0.0,120.0,7.3575,4.24785460556267,4.905000000000001,9.81
60.0,0.0,160.0,2.9057036820422955,7.983355254037355,4.905000000000001,9.81
60.0,0.0,200.0,-2.9057036820422932,7.983355254037356,4.905000000000001,9.81
60.0,0.0,240.0,-7.357499999999998,4.247854605562675,4.905000000000001,9.81
60.0,0.0,280.0,-8.366640298453468,-1.475264422500067,4.905000000000001,9.81
60.0,0.0,320.0,-5.460936616411177,-6.508090831537284,4.905000000000001,9.81
60.0,0.0,360.0,-2.0808486183782674e-15,-8.495709211125343,4.905000000000001,9.81
60.0,10.0,0.0,0.8517443114562935,-8.495709211125343,4.830482028524882,9.81
60.0,10.0,40.0,6.113410613160466,-5.960600141512188,4.830482028524882,9.81
60.0,10.0,80.0,8.514544145976027,-0.6364600209938683,4.830482028524882,9.81
60.0,10.0,120.0,6.931627844271854,4.985486816812705,4.830482028524882,9.81
60.0,10.0,160.0,2.1053258377704416,8.27466896551846,4.830482028524882,9.81
60.0,10.0,200.0,-3.7060815263141467,7.692041542556252,4.830482028524882,9.81
60.0,10.0,240.0,-7.783372155728145,3.51022239431264,4.830482028524882,9.81
60.0,10.0,280.0,-8.21873645093091,-2.3140688240062697,4.830482028524882,9.810000000000002
60.0,10.0,320.0,-4.808462619661883,-7.055581521562383,4.830482028524882,9.81
60.0,10.0,360.0,0.8517443114562914,-8.495709211125343,4.830482028524882,9.81
60.0,20.0,0.0,1.6776088030124054,-8.495709211125343,4.609192304954882,9.81
60.0,20.0,40.0,6.746059517686306,-5.429744679059845,4.609192304954882,9.81
60.0,20.0,80.0,8.657954009934572,0.17685773322807605,4.609192304954882,9.81
60.0,20.0,120.0,6.518695598493799,5.700706446583818,4.609192304954882,9.81
60.0,20.0,160.0,1.3292670692860573,8.557131257288061,4.609192304954882,9.81
60.0,20.0,200.0,-4.482140294798532,7.40957925078665,4.609192304954882,9.81
60.0,20.0,240.0,-8.1963044015062,2.7950027645415285,4.609192304954882,9.81
60.0,20.0,280.0,-8.075326586972364,-3.127386578228214,4.609192304954882,9.81
60.0,20.0,320.0,-4.1758137151360435,-7.586436984014724,4.609192304954882,9.81
60.0,20.0,360.0,1.6776088030124032,-8.495709211125343,4.609192304954882,9.81
60.0,30.0,0.0,2.4525,-8.495709211125343,4.247854605562673,9.81
60.0,30.0,40.0,7.339660613160467,-4.931654218781048,4.247854605562673,9.81
60.0,30.0,80.0,8.792512454181615,0.9399765917623697,4.247854605562673,9.81
60.0,30.0,120.0,6.1312500000000005,6.371781908344006,4.247854605562673,9.81
60.0,30.0,160.0,0.6011075295648547,8.822159655543558,4.247854605562673,9.81
60.0,30.0,200.0,-5.210299834519734,7.144550852531155,4.247854605562673,9.810000000000002
60.0,30.0,240.0,-8.58375,2.1239273027813397,4.247854605562673,9.810000000000002
60.0,30.0,280.0,-7.9407681427253225,-3.8905054367625076,4.247854605562673,9.81
60.0,30.0,320.0,-3.582212619661883,-8.084527444293522,4.247854605562673,9.81
60.0,30.0,360.0,2.452499999999998,-8.495709211125344,4.247854605562673,9.81
60.0,40.0,0.0,3.152873225512476,-8.495709211125343,3.7574479934985883,9.81
60.0,40.0,40.0,7.876177630673614,-4.481462987265433,3.7574479934985883,9.81
60.0,40.0,80.0,8.914130988478567,1.6297095742492231,3.7574479934985883,9.81
60.0,40.0,120.0,5.781063387243764,6.978322913768258,3.7574479934985883,9.81
60.0,40.0,160.0,-0.05702802224524348,9.061701406514796,3.7574479934985883,9.81
60.0,40.0,200.0,-5.868435386329832,6.905009101559916,3.7574479934985883,9.81
60.0,40.0,240.0,-8.933936612756236,1.5173862973570889,3.7574479934985883,9.81
60.0,40.0,280.0,-7.819149608428372,-4.580238419249361,3.7574479934985883,9.81
60.0,40.0,320.0,-3.0456956021487365,-8.534718675809138,3.7574479934985883,9.81
60.0,40.0,360.0,3.1528732255124736,-8.495709211125344,3.7574479934985883,9.81
60.0,50.0,0.0,3.7574479934985883,-8.495709211125343,3.1528732255124763,9.81
60.0,50.0,40.0,8.33930877213932,-4.092849817274845,3.1528732255124763,9.81
60.0,50.0,80.0,9.019114295202762,2.2250994930375034,3.1528732255124763,9.81
60.0,50.0,120.0,5.478776003250707,7.501900021331313,3.1528732255124763,9.81
60.0,50.0,160.0,-0.6251424704351454,9.26847815531249,3.1528732255124763,9.81
60.0,50.0,200.0,-6.4365498345197345,6.698232352762223,3.1528732255124763,9.81
60.0,50.0,240.0,-9.236223996749294,0.9938091897940323,3.1528732255124763,9.81
60.0,50.0,280.0,-7.714166301704177,-5.175628338037642,3.1528732255124763,9.810000000000002
60.0,50.0,320.0,-2.5825644606830305,-8.923331845799725,3.1528732255124763,9.81
60.0,50.0,360.0,3.757447993498586,-8.495709211125344,3.1528732255124763,9.81
60.0,60.0,0.0,4.247854605562672,-8.495709211125343,2.452500000000001,9.81
60.0,60.0,40.0,8.714982032179817,-3.777622523331699,2.452500000000001,9.81
60.0,60.0,80.0,9.104272509703504,2.708055726726664,2.452500000000001,9.810000000000002
60.0,60.0,120.0,5.233572697218666,7.92660460556267,2.452500000000001,9.81
60.0,60.0,160.0,-1.0859739449763834,9.436207095058503,2.452500000000001,9.81
60.0,60.0,200.0,-6.897381309060972,6.530503413016209,2.452500000000001,9.81
60.0,60.0,240.0,-9.481427302781336,0.5691046055626757,2.452500000000001,9.81
60.0,60.0,280.0,-7.629008087203435,-5.658584571726802,2.452500000000001,9.81
60.0,60.0,320.0,-2.206891200642534,-9.238559139742872,2.452500000000001,9.81
60.0,60.0,360.0,4.2478546055626705,-8.495709211125344,2.452500000000001,9.81
60.0,70.0,0.0,4.609192304954882,-8.495709211125343,1.677608803012406,9.81
60.0,70.0,40.0,8.991782768888614,-3.545359127249747,1.677608803012406,9.81
60.0,70.0,80.0,9.167018142725322,3.063903894543706,1.677608803012406,9.81
60.0,70.0,120.0,5.052903847522561,8.23953223258135,1.677608803012406,9.81
60.0,70.0,160.0,-1.4255203147069988,9.559791866793594,1.677608803012406,9.81
60.0,70.0,200.0,-7.236927678791588,6.406918641281119,1.677608803012406,9.81
60.0,70.0,240.0,-9.66209615247744,0.2561769785439972,1.677608803012406,9.81
60.0,70.0,280.0,-7.566262454181617,-6.014432739543845,1.677608803012406,9.81
60.0,70.0,320.0,-1.9300904639337368,-9.470822535824825,1.677608803012406,9.81
60.0,70.0,360.0,4.609192304954879,-8.495709211125344,1.677608803012406,9.81
60.0,80.0,0.0,4.830482028524882,-8.495709211125343,0.8517443114562938,9.81
60.0,80.0,40.0,9.161300531948747,-3.403116834787992,0.8517443114562938,9.81
60.0,80.0,80.0,9.20544469995967,3.2818317299773705,0.8517443114562938,9.81
60.0,80.0,120.0,4.942258985737561,8.431174754789405,0.8517443114562938,9.81
60.0,80.0,160.0,-1.6334646350014816,9.635477409765503,0.8517443114562938,9.81
60.0,80.0,200.0,-7.444871999086071,6.33123309830921,0.8517443114562938,9.81
60.0,80.0,240.0,-9.772741014262442,0.06453445633594086,0.8517443114562938,9.81
60.0,80.0,280.0,-7.527835896947268,-6.232360574977509,0.8517443114562938,9.81
60.0,80.0,320.0,-1.7605727008736032,-9.61306482828658,0.8517443114562938,9.81
60.0,80.0,360.0,4.830482028524879,-8.495709211125344,0.8517443114562938,9.81
60.0,90.0,0.0,4.905000000000001,-8.495709211125343,3.0034462749088843e-16,9.81
60.0,90.0,40.0,9.218384609909762,-3.3552176060248105,3.0034462749088843e-16,9.81
60.0,90.0,80.0,9.218384609909762,3.355217606024811,3.0034462749088843e-16,9.81
60.0,90.0,120.0,4.905,8.495709211125343,3.0034462749088843e-16,9.81
60.0,90.0,160.0,-1.7034886229125863,9.66096405704976,3.0034462749088843e-16,9.81
60.0,90.0,200.0,-7.514895986997176,6.305746451024952,3.0034462749088843e-16,9.81
60.0,90.0,240.0,-9.81,3.2673863614718357e-15,3.0034462749088843e-16,9.81
60.0,90.0,280.0,-7.5148959869971765,-6.305746451024949,3.0034462749088843e-16,9.81
60.0,90.0,320.0,-1.7034886229125892,-9.66096405704976,3.0034462749088843e-16,9.81
60.0,90.0,360.0,4.904999999999999,-8.495709211125344,3.0034462749088843e-16,9.81
70.0,0.0,0.0,0.0,-9.21838460990976,3.3552176060248113,9.81
70.0,0.0,40.0,5.925463408575077,-7.06169230495488,3.3552176060248113,9.81
70.0,0.0,80.0,9.078336634087552,-1.6007556885437073,3.3552176060248113,9.81
70.0,0.0,120.0,7.983355254037356,4.609192304954878,3.3552176060248113,9.81
70.0,0.0,160.0,3.1528732255124767,8.662447993498587,3.3552176060248113,9.81
70.0,0.0,200.0,-3.1528732255124745,8.662447993498587,3.3552176060248113,9.81
70.0,0.0,240.0,-7.983355254037354,4.609192304954885,3.3552176060248113,9.81
70.0,0.0,280.0,-9.078336634087552,-1.600755688543703,3.3552176060248113,9.81
70.0,0.0,320.0,-5.925463408575078,-7.061692304954878,3.3552176060248113,9.81
70.0,0.0,360.0,-2.2578530411670424e-15,-9.21838460990976,3.3552176060248113,9.81
70.0,10.0,0.0,0.5826274229622092,-9.21838460990976,3.3042443114562943,9.809999999999999
70.0,10.0,40.0,6.371781908344007,-6.687186616411173,3.3042443114562943,9.809999999999999
70.0,10.0,80.0,9.179508824343719,-1.0269796852930007,3.3042443114562943,9.81
70.0,10.0,120.0,7.692041542556252,5.113762454181613,3.3042443114562943,9.81
70.0,10.0,160.0,2.6053825354873785,8.861718308205585,3.3042443114562943,9.809999999999999
70.0,10.0,200.0,-3.7003639155375727,8.463177678791586,3.3042443114562943,9.809999999999999
70.0,10.0,240.0,-8.27466896551846,4.104622155728151,3.3042443114562943,9.810000000000002
70.0,10.0,280.0,-8.977164443831386,-2.1745316917944097,3.3042443114562943,9.81
70.0,10.0,320.0,-5.479144908806148,-7.436197993498585,3.3042443114562943,9.809999999999999
70.0,10.0,360.0,0.5826274229622068,-9.21838460990976,3.3042443114562943,9.809999999999999
70.0,20.0,0.0,1.147552006501413,-9.21838460990976,3.1528732255124763,9.81
70.0,20.0,40.0,6.804539246345517,-6.324060093704844,3.1528732255124763,9.81
70.0,20.0,80.0,9.277606948794551,-0.47063757555639985,3.1528732255124763,9.81
70.0,20.0,120.0,7.40957925078665,5.603001494748907,3.1528732255124763,9.809999999999999
70.0,20.0,160.0,2.0745270730350365,9.054933895235859,3.1528732255124763,9.81
70.0,20.0,200.0,-4.231219377989916,8.269962091761316,3.1528732255124763,9.810000000000002
70.0,20.0,240.0,-8.557131257288061,3.6153831151608564,3.1528732255124763,9.81
70.0,20.0,280.0,-8.879066319380552,-2.7308738015310103,3.1528732255124763,9.81
70.0,20.0,320.0,-5.0463875708046375,-7.799324516204914,3.1528732255124763,9.81
70.0,20.0,360.0,1.1475520065014106,-9.21838460990976,3.1528732255124763,9.81
70.0,30.0,0.0,1.6776088030124054,-9.21838460990976,2.9057036820422955,9.81
70.0,30.0,40.0,7.21058630985021,-5.98334615247744,2.9057036820422955,9.81
70.0,30.0,80.0,9.369650345568656,0.05136646718443971,2.9057036820422955,9.81
70.0,30.0,120.0,7.144550852531155,6.062044145976026,2.9057036820422955,9.81
70.0,30.0,160.0,1.576436612756239,9.236223996749292,2.9057036820422955,9.81
70.0,30.0,200.0,-4.729309838268713,8.08867199024788,2.9057036820422955,9.81
70.0,30.0,240.0,-8.822159655543556,3.1563404639337382,2.9057036820422955,9.81
70.0,30.0,280.0,-8.787022922606448,-3.2528778442718504,2.9057036820422955,9.81
70.0,30.0,320.0,-4.640340507299945,-8.140038457432318,2.9057036820422955,9.809999999999999
70.0,30.0,360.0,1.6776088030124032,-9.21838460990976,2.9057036820422955,9.81
70.0,40.0,0.0,2.156692304954881,-9.21838460990976,2.570245802550267,9.809999999999999
70.0,40.0,40.0,7.577585564303224,-5.6753972134235795,2.570245802550267,9.81
70.0,40.0,80.0,9.452842322631259,0.5231716142376291,2.570245802550267,9.81
70.0,40.0,120.0,6.905009101559917,6.47694262919222,2.570245802550267,9.809999999999999
70.0,40.0,160.0,1.126245381240623,9.400080204748622,2.570245802550267,9.81
70.0,40.0,200.0,-5.179501069784328,7.924815782248553,2.570245802550267,9.81
70.0,40.0,240.0,-9.061701406514796,2.7414419807175423,2.570245802550267,9.81
70.0,40.0,280.0,-8.703830945543848,-3.7246829913250394,2.570245802550267,9.81
70.0,40.0,320.0,-4.273341252846932,-8.44798739648618,2.570245802550267,9.81
70.0,40.0,360.0,2.1566923049548787,-9.21838460990976,2.570245802550267,9.809999999999999
70.0,50.0,0.0,2.570245802550267,-9.21838460990976,2.1566923049548814,9.809999999999999
70.0,50.0,40.0,7.894385923068587,-5.409570149226733,2.1566923049548814,9.81
70.0,50.0,80.0,9.524655133856482,0.9304423049548806,2.1566923049548814,9.81
70.0,50.0,120.0,6.698232352762223,6.8350904639337315,2.1566923049548814,9.809999999999999
70.0,50.0,160.0,0.737632211250036,9.541523831269028,2.1566923049548814,9.81
70.0,50.0,200.0,-5.568114239774916,7.783372155728147,2.1566923049548814,9.81
70.0,50.0,240.0,-9.268478155312488,2.3832941459760315,2.1566923049548814,9.81
70.0,50.0,280.0,-8.632018134318622,-4.131953682042291,2.1566923049548814,9.81
70.0,50.0,320.0,-3.9565408940815696,-8.713814460683027,2.1566923049548814,9.81
70.0,50.0,360.0,2.5702458025502652,-9.218384609909762,2.1566923049548814,9.81
70.0,60.0,0.0,2.9057036820422946,-9.21838460990976,1.677608803012406,9.81
70.0,60.0,40.0,8.15136156755393,-5.193941980717537,1.677608803012406,9.81
70.0,60.0,80.0,9.582906783314286,1.2608038254876643,1.677608803012406,9.81
70.0,60.0,120.0,6.530503413016209,7.125605509473487,1.677608803012406,9.81
70.0,60.0,160.0,0.42240491730688917,9.656257183292615,1.677608803012406,9.81
70.0,60.0,200.0,-5.883341533718063,7.668638803704558,1.677608803012406,9.81
70.0,60.0,240.0,-9.436207095058503,2.0927791004362772,1.677608803012406,9.81
70.0,60.0,280.0,-8.57376648486082,-4.462315202575075,1.677608803012406,9.81
70.0,60.0,320.0,-3.6995652495962257,-8.92944262919222,1.677608803012406,9.809999999999999
70.0,60.0,360.0,2.9057036820422923,-9.218384609909762,1.677608803012406,9.81
70.0,70.0,0.0,3.1528732255124763,-9.21838460990976,1.1475520065014135,9.81
70.0,70.0,40.0,8.340704422837517,-5.035064460683026,1.1475520065014135,9.809999999999999
70.0,70.0,80.0,9.62582732411265,1.5042183082055869,1.1475520065014135,9.81
70.0,70.0,120.0,6.406918641281119,7.339660613160467,1.1475520065014135,9.81
70.0,70.0,160.0,0.19014152122493808,9.740794145976027,1.1475520065014135,9.81
70.0,70.0,200.0,-6.115604929800014,7.5841018410211465,1.1475520065014135,9.81
70.0,70.0,240.0,-9.559791866793594,1.8787239967492977,1.1475520065014135,9.81
70.0,70.0,280.0,-8.530845944062456,-4.705729685292997,1.1475520065014135,9.81
70.0,70.0,320.0,-3.5102223943126387,-9.088320149226734,1.1475520065014135,9.81
70.0,70.0,360.0,3.152873225512474,-9.218384609909762,1.1475520065014135,9.81
70.0,80.0,0.0,3.3042443114562943,-9.21838460990976,0.5826274229622094,9.809999999999999
70.0,80.0,40.0,8.456661402073664,-4.937765002173544,0.5826274229622094,9.809999999999999
70.0,80.0,80.0,9.652112637338258,1.6532897272249363,0.5826274229622094,9.809999999999999
70.0,80.0,120.0,6.33123309830921,7.470751818986251,0.5826274229622094,9.81
70.0,80.0,160.0,0.04789922876318282,9.792566106485895,0.5826274229622094,9.81
70.0,80.0,200.0,-6.257847222261769,7.53232988051128,0.5826274229622094,9.809999999999999
70.0,80.0,240.0,-9.635477409765503,1.7476327909235134,0.5826274229622094,9.81
70.0,80.0,280.0,-8.504560630836847,-4.854801104312347,0.5826274229622094,9.81
70.0,80.0,320.0,-3.3942654150764913,-9.185619607736216,0.5826274229622094,9.81
70.0,80.0,360.0,3.304244311456292,-9.218384609909762,0.5826274229622094,9.81
70.0,90.0,0.0,3.3552176060248113,-9.21838460990976,2.0544782508305651e-16,9.81
70.0,90.0,40.0,8.495709211125343,-4.904999999999999,2.0544782508305651e-16,9.809999999999999
70.0,90.0,80.0,9.66096405704976,1.7034886229125872,2.0544782508305651e-16,9.81
70.0,90.0,120.0,6.305746451024952,7.514895986997174,2.0544782508305651e-16,9.81
70.0,90.0,160.0,5.445643935786393e-16,9.809999999999999,2.0544782508305651e-16,9.809999999999999
70.0,90.0,200.0,-6.305746451024951,7.514895986997174,2.0544782508305651e-16,9.81
70.0,90.0,240.0,-9.66096405704976,1.7034886229125907,2.0544782508305651e-16,9.81
70.0,90.0,280.0,-8.495709211125344,-4.904999999999998,2.0544782508305651e-16,9.81
70.0,90.0,320.0,-3.355217606024812,-9.21838460990976,2.0544782508305651e-16,9.81
70.0,90.0,360.0,3.355217606024809,-9.218384609909762,2.0544782508305651e-16,9.81
80.0,0.0,0.0,0.0,-9.66096405704976,1.7034886229125874,9.81
80.0,0.0,40.0,6.209947993498587,-7.400727831075146,1.7034886229125874,9.81
80.0,0.0,80.0,9.51419230495488,-1.6776088030124057,1.7034886229125874,9.81
80.0,0.0,120.0,8.366640298453468,4.830482028524878,1.7034886229125874,9.81
80.0,0.0,160.0,3.304244311456295,9.078336634087552,1.7034886229125874,9.81
80.0,0.0,200.0,-3.304244311456293,9.078336634087552,1.7034886229125874,9.81
80.0,0.0,240.0,-8.366640298453467,4.830482028524885,1.7034886229125874,9.81
80.0,0.0,280.0,-9.51419230495488,-1.6776088030124017,1.7034886229125874,9.81
80.0,0.0,320.0,-6.209947993498591,-7.4007278310751445,1.7034886229125874,9.81
80.0,0.0,360.0,-2.3662537418287234e-15,-9.66096405704976,1.7034886229125874,9.81
80.0,10.0,0.0,0.2958076950451195,-9.66096405704976,1.6776088030124057,9.809999999999999
80.0,10.0,40.0,6.4365498345197345,-7.21058630985021,1.6776088030124057,9.81
80.0,10.0,80.0,9.56555877213932,-1.386295091531301,1.6776088030124057,9.81
80.0,10.0,120.0,8.21873645093091,5.086659007068873,1.6776088030124057,9.81
80.0,10.0,160.0,3.026276003250708,9.179508824343719,1.6776088030124057,9.81
80.0,10.0,200.0,-3.5822126196618798,8.977164443831386,1.6776088030124057,9.81
80.0,10.0,240.0,-8.514544145976027,4.574305049980891,1.6776088030124057,9.81
80.0,10.0,280.0,-9.462825837770442,-1.968922514493506,1.6776088030124057,9.81
80.0,10.0,320.0,-5.983346152477443,-7.590869352300081,1.6776088030124057,9.81
80.0,10.0,360.0,0.2958076950451171,-9.66096405704976,1.6776088030124057,9.809999999999999
80.0,20.0,0.0,0.5826274229622092,-9.66096405704976,1.6007556885437075,9.81
80.0,20.0,40.0,6.656266493267517,-7.02622214253144,1.6007556885437075,9.81
80.0,20.0,80.0,9.615364495211047,-1.103832799761699,1.6007556885437075,9.809999999999999
80.0,20.0,120.0,8.075326586972364,5.335052177751613,1.6007556885437075,9.81
80.0,20.0,160.0,2.756753621431197,9.277606948794551,1.6007556885437075,9.81
80.0,20.0,200.0,-3.851735001481391,8.879066319380552,1.6007556885437075,9.81
80.0,20.0,240.0,-8.657954009934572,4.32591187929815,1.6007556885437075,9.810000000000002
80.0,20.0,280.0,-9.413020114698714,-2.251384806263108,1.6007556885437075,9.81
80.0,20.0,320.0,-5.76362949372966,-7.775233519618851,1.6007556885437075,9.81
80.0,20.0,360.0,0.5826274229622068,-9.66096405704976,1.6007556885437075,9.81
80.0,30.0,0.0,0.8517443114562936,-9.66096405704976,1.4752644225000708,9.809999999999999
80.0,30.0,40.0,6.8624219902478805,-6.853237141050049,1.4752644225000708,9.81
80.0,30.0,80.0,9.66209615247744,-0.8388044015062028,1.4752644225000708,9.81
80.0,30.0,120.0,7.940768142725322,5.568114239774913,1.4752644225000708,9.809999999999999
80.0,30.0,160.0,2.5038664671844413,9.369650345568656,1.4752644225000708,9.81
80.0,30.0,200.0,-4.104622155728146,8.787022922606448,1.4752644225000708,9.81
80.0,30.0,240.0,-8.792512454181614,4.09284981727485,1.4752644225000708,9.81
80.0,30.0,280.0,-9.366288457432322,-2.5164132045186047,1.4752644225000708,9.81
80.0,30.0,320.0,-5.557473996749297,-7.948218521100244,1.4752644225000708,9.81
80.0,30.0,360.0,0.8517443114562913,-9.66096405704976,1.4752644225000708,9.809999999999999
80.0,40.0,0.0,1.0949813800501964,-9.66096405704976,1.3049479934985877,9.81
80.0,40.0,40.0,7.04875239500479,-6.6968873671414135,1.3049479934985877,9.81
80.0,40.0,80.0,9.704333826179818,-0.5992626505349651,1.3049479934985877,9.81
80.0,40.0,120.0,7.819149608428371,5.778763720319292,1.3049479934985877,9.81
80.0,40.0,160.0,2.275298388725155,9.452842322631259,1.3049479934985877,9.81
80.0,40.0,200.0,-4.333190234187433,8.703830945543846,1.3049479934985877,9.81
80.0,40.0,240.0,-8.914130988478565,3.882200336730472,1.3049479934985877,9.81
80.0,40.0,280.0,-9.324050783729945,-2.755954955489842,1.3049479934985877,9.81
80.0,40.0,320.0,-5.371143591992388,-8.10456829500888,1.3049479934985877,9.81
80.0,40.0,360.0,1.0949813800501942,-9.66096405704976,1.3049479934985877,9.81
80.0,50.0,0.0,1.3049479934985877,-9.66096405704976,1.0949813800501969,9.81
80.0,50.0,40.0,7.209596152477441,-6.561923429568944,1.0949813800501969,9.81
80.0,50.0,80.0,9.740794145976027,-0.39248590173727205,1.0949813800501969,9.81
80.0,50.0,120.0,7.714166301704176,5.960600141512186,1.0949813800501969,9.81
80.0,50.0,160.0,2.0779943114562944,9.524655133856482,1.0949813800501969,9.81
80.0,50.0,200.0,-4.530494311456294,8.632018134318622,1.0949813800501969,9.81
80.0,50.0,240.0,-9.019114295202762,3.7003639155375776,1.0949813800501969,9.810000000000002
80.0,50.0,280.0,-9.287590463933736,-2.9627317042875356,1.0949813800501969,9.81
80.0,50.0,320.0,-5.210299834519738,-8.239532232581347,1.0949813800501969,9.81
80.0,50.0,360.0,1.3049479934985853,-9.66096405704976,1.0949813800501969,9.81
80.0,60.0,0.0,1.4752644225000708,-9.66096405704976,0.8517443114562938,9.81
80.0,60.0,40.0,7.340066106485894,-6.452446139280733,0.8517443114562938,9.81
80.0,60.0,80.0,9.770369283498873,-0.22475696199125805,0.8517443114562938,9.809999999999999
80.0,60.0,120.0,7.629008087203434,6.108098495709319,0.8517443114562938,9.81
80.0,60.0,160.0,1.917949219924994,9.582906783314286,0.8517443114562938,9.81
80.0,60.0,200.0,-4.690539402987594,8.573766484860819,0.8517443114562938,9.81
80.0,60.0,240.0,-9.104272509703502,3.5528655613404445,0.8517443114562938,9.81
80.0,60.0,280.0,-9.258015326410888,-3.130460644033549,0.8517443114562938,9.81
80.0,60.0,320.0,-5.079829880511283,-8.349009522869558,0.8517443114562938,9.81
80.0,60.0,360.0,1.4752644225000684,-9.66096405704976,0.8517443114562938,9.81
80.0,70.0,0.0,1.6007556885437073,-9.66096405704976,0.5826274229622094,9.809999999999999
80.0,70.0,40.0,7.436197993498587,-6.371781908344007,0.5826274229622094,9.81
80.0,70.0,80.0,9.792160613160467,-0.10117219025616753,0.5826274229622094,9.81
80.0,70.0,120.0,7.566262454181616,6.21677712005618,0.5826274229622094,9.81
80.0,70.0,160.0,1.8000260032507076,9.62582732411265,0.5826274229622094,9.81
80.0,70.0,200.0,-4.8084626196618805,8.530845944062454,0.5826274229622094,9.81
80.0,70.0,240.0,-9.16701814272532,3.444186936993584,0.5826274229622094,9.81
80.0,70.0,280.0,-9.236223996749295,-3.2540454157686405,0.5826274229622094,9.81
80.0,70.0,320.0,-4.98369799349859,-8.429673753806284,0.5826274229622094,9.809999999999999
80.0,70.0,360.0,1.6007556885437049,-9.66096405704976,0.5826274229622094,9.809999999999999
80.0,80.0,0.0,1.6776088030124057,-9.66096405704976,0.2958076950451196,9.809999999999999
80.0,80.0,40.0,7.49507089477372,-6.322381678597706,0.2958076950451196,9.809999999999999
80.0,80.0,80.0,9.805506016435984,-0.02548664728425847,0.2958076950451196,9.809999999999999
80.0,80.0,120.0,7.527835896947266,6.283333869546026,0.2958076950451196,9.81
80.0,80.0,160.0,1.7278076987000568,9.652112637338258,0.2958076950451196,9.809999999999999
80.0,80.0,200.0,-4.880680924212531,8.504560630836846,0.2958076950451196,9.809999999999999
80.0,80.0,240.0,-9.20544469995967,3.377630187503738,0.2958076950451196,9.81
80.0,80.0,280.0,-9.222878593473776,-3.329730958740549,0.2958076950451196,9.809999999999999
80.0,80.0,320.0,-4.924825092223457,-8.479073983552587,0.2958076950451196,9.81
80.0,80.0,360.0,1.6776088030124032,-9.66096405704976,0.2958076950451196,9.809999999999999
80.0,90.0,0.0,1.7034886229125874,-9.66096405704976,1.0430859447169164e-16,9.81
80.0,90.0,40.0,7.514895986997175,-6.305746451024951,1.0430859447169164e-16,9.81
80.0,90.0,80.0,9.809999999999999,0.0,1.0430859447169164e-16,9.809999999999999
80.0,90.0,120.0,7.514895986997176,6.305746451024949,1.0430859447169164e-16,9.81
80.0,90.0,160.0,1.7034886229125876,9.66096405704976,1.0430859447169164e-16,9.81
80.0,90.0,200.0,-4.905,8.495709211125343,1.0430859447169164e-16,9.81
80.0,90.0,240.0,-9.21838460990976,3.355217606024814,1.0430859447169164e-16,9.81
80.0,90.0,280.0,-9.218384609909762,-3.3552176060248073,1.0430859447169164e-16,9.81
80.0,90.0,320.0,-4.905000000000002,-8.495709211125343,1.0430859447169164e-16,9.81
80.0,90.0,360.0,1.703488622912585,-9.66096405704976,1.0430859447169164e-16,9.809999999999999
90.0,0.0,0.0,0.0,-9.81,6.006892549817768e-16,9.81
90.0,0.0,40.0,6.305746451024951,-7.514895986997175,6.006892549817768e-16,9.81
90.0,0.0,80.0,9.66096405704976,-1.7034886229125874,6.006892549817768e-16,9.81
90.0,0.0,120.0,8.495709211125344,4.9049999999999985,6.006892549817768e-16,9.81
90.0,0.0,160.0,3.355217606024812,9.21838460990976,6.006892549817768e-16,9.81
90.0,0.0,200.0,-3.3552176060248096,9.218384609909762,6.006892549817768e-16,9.81
90.0,0.0,240.0,-8.495709211125343,4.905000000000005,6.006892549817768e-16,9.810000000000002
90.0,0.0,280.0,-9.660964057049762,-1.7034886229125832,6.006892549817768e-16,9.81
90.0,0.0,320.0,-6.3057464510249535,-7.514895986997172,6.006892549817768e-16,9.81
90.0,0.0,360.0,-2.402757019927107e-15,-9.81,6.006892549817768e-16,9.81
90.0,10.0,0.0,1.0430859447169159e-16,-9.81,5.915634354571809e-16,9.81
90.0,10.0,40.0,6.305746451024951,-7.514895986997175,5.915634354571809e-16,9.81
90.0,10.0,80.0,9.66096405704976,-1.7034886229125874,5.915634354571809e-16,9.81
90.0,10.0,120.0,8.495709211125344,4.9049999999999985,5.915634354571809e-16,9.81
90.0,10.0,160.0,3.355217606024812,9.21838460990976,5.915634354571809e-16,9.81
90.0,10.0,200.0,-3.3552176060248096,9.218384609909762,5.915634354571809e-16,9.81
90.0,10.0,240.0,-8.495709211125343,4.905000000000005,5.915634354571809e-16,9.810000000000002
90.0,10.0,280.0,-9.660964057049762,-1.7034886229125832,5.915634354571809e-16,9.81
90.0,10.0,320.0,-6.3057464510249535,-7.514895986997172,5.915634354571809e-16,9.81
90.0,10.0,360.0,-2.2984484254554153e-15,-9.81,5.915634354571809e-16,9.81
90.0,20.0,0.0,2.0544782508305647e-16,-9.81,5.644632602917606e-16,9.81
90.0,20.0,40.0,6.305746451024951,-7.514895986997175,5.644632602917606e-16,9.81
90.0,20.0,80.0,9.66096405704976,-1.7034886229125872,5.644632602917606e-16,9.81
90.0,20.0,120.0,8.495709211125344,4.9049999999999985,5.644632602917606e-16,9.81
90.0,20.0,160.0,3.355217606024812,9.21838460990976,5.644632602917606e-16,9.81
90.0,20.0,200.0,-3.3552176060248096,9.218384609909762,5.644632602917606e-16,9.81
90.0,20.0,240.0,-8.495709211125343,4.905000000000005,5.644632602917606e-16,9.810000000000002
90.0,20.0,280.0,-9.660964057049762,-1.7034886229125834,5.644632602917606e-16,9.81
90.0,20.0,320.0,-6.3057464510249535,-7.514895986997172,5.644632602917606e-16,9.81
90.0,20.0,360.0,-2.197309194844051e-15,-9.81,5.644632602917606e-16,9.81
90.0,30.0,0.0,3.0034462749088833e-16,-9.81,5.202121545945668e-16,9.81
90.0,30.0,40.0,6.305746451024951,-7.514895986997175,5.202121545945668e-16,9.81
90.0,30.0,80.0,9.66096405704976,-1.7034886229125872,5.202121545945668e-16,9.81
90.0,30.0,120.0,8.495709211125344,4.9049999999999985,5.202121545945668e-16,9.81
90.0,30.0,160.0,3.3552176060248113,9.21838460990976,5.202121545945668e-16,9.81
90.0,30.0,200.0,-3.3552176060248105,9.218384609909762,5.202121545945668e-16,9.81
90.0,30.0,240.0,-8.495709211125343,4.905000000000005,5.202121545945668e-16,9.810000000000002
90.0,30.0,280.0,-9.660964057049762,-1.7034886229125834,5.202121545945668e-16,9.81
90.0,30.0,320.0,-6.3057464510249535,-7.514895986997172,5.202121545945668e-16,9.81
90.0,30.0,360.0,-2.1024123924362188e-15,-9.81,5.202121545945668e-16,9.81
90.0,40.0,0.0,3.861156103741244e-16,-9.81,4.60154665820069e-16,9.81
90.0,40.0,40.0,6.305746451024951,-7.514895986997175,4.60154665820069e-16,9.81
90.0,40.0,80.0,9.66096405704976,-1.7034886229125872,4.60154665820069e-16,9.81
90.0,40.0,120.0,8.495709211125344,4.9049999999999985,4.60154665820069e-16,9.81
90.0,40.0,160.0,3.3552176060248113,9.21838460990976,4.60154665820069e-16,9.81
90.0,40.0,200.0,-3.3552176060248105,9.218384609909762,4.60154665820069e-16,9.81
90.0,40.0,240.0,-8.495709211125343,4.905000000000005,4.60154665820069e-16,9.810000000000002
90.0,40.0,280.0,-9.660964057049762,-1.7034886229125834,4.60154665820069e-16,9.81
90.0,40.0,320.0,-6.3057464510249535,-7.514895986997172,4.60154665820069e-16,9.81
90.0,40.0,360.0,-2.0166414095529826e-15,-9.81,4.60154665820069e-16,9.81
90.0,50.0,0.0,4.60154665820069e-16,-9.81,3.8611561037412444e-16,9.81
90.0,50.0,40.0,6.305746451024951,-7.514895986997175,3.8611561037412444e-16,9.81
90.0,50.0,80.0,9.66096405704976,-1.703488622912587,3.8611561037412444e-16,9.81
90.0,50.0,120.0,8.495709211125344,4.9049999999999985,3.8611561037412444e-16,9.81
90.0,50.0,160.0,3.3552176060248113,9.21838460990976,3.8611561037412444e-16,9.81
90.0,50.0,200.0,-3.3552176060248105,9.218384609909762,3.8611561037412444e-16,9.81
90.0,50.0,240.0,-8.495709211125343,4.905000000000005,3.8611561037412444e-16,9.810000000000002
90.0,50.0,280.0,-9.660964057049762,-1.7034886229125836,3.8611561037412444e-16,9.81
90.0,50.0,320.0,-6.3057464510249535,-7.514895986997172,3.8611561037412444e-16,9.81
90.0,50.0,360.0,-1.9426023541070383e-15,-9.81,3.8611561037412444e-16,9.81
90.0,60.0,0.0,5.202121545945668e-16,-9.81,3.0034462749088843e-16,9.81
90.0,60.0,40.0,6.305746451024951,-7.514895986997175,3.0034462749088843e-16,9.81
90.0,60.0,80.0,9.66096405704976,-1.703488622912587,3.0034462749088843e-16,9.81
90.0,60.0,120.0,8.495709211125344,4.9049999999999985,3.0034462749088843e-16,9.81
90.0,60.0,160.0,3.3552176060248113,9.21838460990976,3.0034462749088843e-16,9.81
90.0,60.0,200.0,-3.3552176060248105,9.218384609909762,3.0034462749088843e-16,9.81
90.0,60.0,240.0,-8.495709211125343,4.905000000000005,3.0034462749088843e-16,9.810000000000002
90.0,60.0,280.0,-9.660964057049762,-1.7034886229125836,3.0034462749088843e-16,9.81
90.0,60.0,320.0,-6.3057464510249535,-7.514895986997172,3.0034462749088843e-16,9.81
90.0,60.0,360.0,-1.8825448653325403e-15,-9.81,3.0034462749088843e-16,9.81
90.0,70.0,0.0,5.644632602917606e-16,-9.81,2.0544782508305651e-16,9.81
90.0,70.0,40.0,6.305746451024951,-7.514895986997175,2.0544782508305651e-16,9.81
90.0,70.0,80.0,9.66096405704976,-1.703488622912587,2.0544782508305651e-16,9.81
90.0,70.0,120.0,8.495709211125344,4.9049999999999985,2.0544782508305651e-16,9.81
90.0,70.0,160.0,3.3552176060248113,9.21838460990976,2.0544782508305651e-16,9.81
90.0,70.0,200.0,-3.3552176060248105,9.218384609909762,2.0544782508305651e-16,9.81
90.0,70.0,240.0,-8.495709211125343,4.905000000000005,2.0544782508305651e-16,9.810000000000002
90.0,70.0,280.0,-9.660964057049762,-1.7034886229125836,2.0544782508305651e-16,9.81
90.0,70.0,320.0,-6.3057464510249535,-7.514895986997172,2.0544782508305651e-16,9.81
90.0,70.0,360.0,-1.8382937596353465e-15,-9.81,2.0544782508305651e-16,9.81
90.0,80.0,0.0,5.915634354571809e-16,-9.81,1.0430859447169164e-16,9.81
90.0,80.0,40.0,6.305746451024951,-7.514895986997175,1.0430859447169164e-16,9.81
90.0,80.0,80.0,9.66096405704976,-1.703488622912587,1.0430859447169164e-16,9.81
90.0,80.0,120.0,8.495709211125344,4.9049999999999985,1.0430859447169164e-16,9.81
90.0,80.0,160.0,3.3552176060248113,9.21838460990976,1.0430859447169164e-16,9.81
90.0,80.0,200.0,-3.3552176060248105,9.218384609909762,1.0430859447169164e-16,9.81
90.0,80.0,240.0,-8.495709211125343,4.905000000000005,1.0430859447169164e-16,9.810000000000002
90.0,80.0,280.0,-9.660964057049762,-1.7034886229125836,1.0430859447169164e-16,9.81
90.0,80.0,320.0,-6.3057464510249535,-7.514895986997172,1.0430859447169164e-16,9.81
90.0,80.0,360.0,-1.811193584469926e-15,-9.81,1.0430859447169164e-16,9.81
90.0,90.0,0.0,6.006892549817768e-16,-9.81,3.678160866978206e-32,9.81
90.0,90.0,40.0,6.305746451024951,-7.514895986997175,3.678160866978206e-32,9.81
90.0,90.0,80.0,9.66096405704976,-1.703488622912587,3.678160866978206e-32,9.81
90.0,90.0,120.0,8.495709211125344,4.9049999999999985,3.678160866978206e-32,9.81
90.0,90.0,160.0,3.3552176060248113,9.21838460990976,3.678160866978206e-32,9.81
90.0,90.0,200.0,-3.3552176060248105,9.218384609909762,3.678160866978206e-32,9.81
90.0,90.0,240.0,-8.495709211125343,4.905000000000005,3.678160866978206e-32,9.810000000000002
90.0,90.0,280.0,-9.660964057049762,-1.7034886229125836,3.678160866978206e-32,9.81
90.0,90.0,320.0,-6.3057464510249535,-7.514895986997172,3.678160866978206e-32,9.81
90.0,90.0,360.0,-1.80206776494533e-15,-9.81,3.678160866978206e-32,9.81
