Time,Device name,Chip Time(),Acceleration X(g),Acceleration Y(g),Acceleration Z(g),Angular velocity X(°/s),Angular velocity Y(°/s),Angular velocity Z(°/s),Angle X(°),Angle Y(°),Angle Z(°),Magnetic field X(ʯt),Magnetic field Y(ʯt),Magnetic field Z(ʯt),Temperature(℃),Pressure(Pa),Height(m),Longitude(),Latitude(),GPS ground speed(km),Angle of course(°),GPS height(m),Number of satellites(),Position location(),Horizontal position(),Vertical position(),Quaternions 0(),Quaternions 1(),Quaternions 2(),Quaternions 3(),Delta_t,Sum Acceleration (g),Corrected_Acc_X(m/s²),Corrected_Acc_Y(m/s²),Corrected_Acc_Z(m/s²),Position X(m),Position Y(m),Position Z(m)
1900-01-01 09:06:24.401,COM12,2024-09-20 13:51:29.204,"-0,013","-0,002","0,999","-0,061","0,0","0,0","-0,478","0,527","163,614","97,383","44,252","47,645","19,51",96531,"408,55",,,,,,,,,,,,,,,"0,984","-0,017880075804770537","0,033442925173803595","-0,009053661980061634",,,
1900-01-01 09:06:24.491,COM12,2024-09-20 13:51:29.304,"-0,014","-0,006","0,999","0,0","0,0","0,0","-0,483","0,533","163,614","97,435","44,551","47,788","19,47",96530,"408,64",,,,,,,,,,,,,,"0,09","0,979","-0,02646314265264517","-0,005265558795729007","-0,009036980673695183","-0,00021435145548642586","-4,2651026245404954e-05","-7,319954345693098e-05"
1900-01-01 09:06:24.600,COM12,2024-09-20 13:51:29.404,"-0,014","-0,005","1,0","0,0","0,0","0,0","-0,483","0,533","163,614","97,487","44,707","47,866","19,51",96530,"408,64",,,,,,,,,,,,,,"0,109","0,981","-0,02646314265264517","0,004544441204270992","0,0007730193263046914","-0,0007883634827649522","-4,0313652083562845e-05","-0,00015266808125005465"
1900-01-01 09:06:24.694,COM12,2024-09-20 13:51:29.504,"-0,014","-0,006","0,999","0,0","0,0","0,0","-0,489","0,533","163,614","97,487","44,733","47,879","19,52",96530,"408,64",,,,,,,,,,,,,,"0,094","0,979","-0,02617342205455081","-0,0042799965298746315","-0,009028267281502522","-0,0015146513864993435","-7,611598425444189e-05","-0,0003009743514315543"
1900-01-01 09:06:24.801,COM12,2024-09-20 13:51:29.604,"-0,013","-0,005","0,999","0,0","-0,061","0,0","-0,489","0,538","163,614","97,487","44,733","47,892","19,47",96530,"408,64",,,,,,,,,,,,,,"0,107","0,981","-0,015542175458490362","0,005288515487586416","-0,009020266524469633","-0,0025193257288510453","-5,63214889720018e-05","-0,0005730640946725524"
1900-01-01 09:06:24.894,COM12,2024-09-20 13:51:29.704,"-0,013","-0,007","0,999","0,0","0,0","0,0","-0,494","0,538","163,614","97,487","44,733","47,905","19,49",96530,"408,64",,,,,,,,,,,,,,"0,093","0,979","-0,015300743172648151","-0,013510182900176866","-0,009012923198678635","-0,003524883481212104","-0,00015596649955537984","-0,0008875060835058944"
1900-01-01 09:06:25.003,COM12,2024-09-20 13:51:29.804,"-0,013","-0,006","1,0","0,0","0,0","0,0","-0,494","0,533","163,614","97,500","44,746","47,905","19,47",96530,"408,64",,,,,,,,,,,,,,"0,109","0,981","-0,01612198915391075","-0,003458695098419548","0,000789076050280002","-0,004894985769912679","-0,00031384749423032834","-0,001246670606251811"
1900-01-01 09:06:25.096,COM12,2024-09-20 13:51:29.904,"-0,014","-0,006","0,999","0,0","-0,061","0,0","-0,494","0,533","163,614","97,513","44,733","47,931","19,49",96530,"408,64",,,,,,,,,,,,,,"0,093","0,979","-0,02593198915391076","-0,003458695098419548","-0,009020923949719872","-0,006288257900519105","-0,00047846755093261604","-0,0016311357024045917"
1900-01-01 09:06:25.190,COM12,2024-09-20 13:51:30.004,"-0,01","-0,004","0,999","-0,061","0,0","0,0","-0,5","0,538","163,614","97,513","44,733","47,957","19,47",96530,"408,64",,,,,,,,,,,,,,"0,094","0,985","0,014418974442030136","0,01690537847946963","-0,00900401260194883","-0,007569105393714961","-0,0004954817915268938","-0,0020992942872001576"
1900-01-01 09:06:25.299,COM12,2024-09-20 13:51:30.104,"-0,013","-0,01","1,0","-0,122","0,061","0,732","-0,494","0,549","163,663","97,721","45,084","48,386","19,44",96530,"408,64",,,,,,,,,,,,,,"0,109","0,977","-0,013540765038510524","-0,043373950478201466","0,0008149414022859958","-0,009215221273758232","-0,001030536976145387","-0,0026324767103433925"
1900-01-01 09:06:25.392,COM12,2024-09-20 13:51:30.204,"-0,015","-0,008","0,999","0,0","-0,061","0,0","-0,5","0,549","163,685","97,916","45,487","48,776","19,51",96530,"408,64",,,,,,,,,,,,,,"0,093","0,976","-0,0328932922764415","-0,022724265672590678","-0,00898614801721287","-0,010904199549886754","-0,0016835941239799162","-0,003165115017868311"
1900-01-01 09:06:25.501,COM12,2024-09-20 13:51:30.304,"-0,013","-0,006","0,999","0,0","0,0","0,0","-0,505","0,544","163,685","97,968","45,539","48,880","19,47",96530,"408,64",,,,,,,,,,,,,,"0,109","0,98","-0,013854422918234785","-0,0020421969383775454","-0,008986805442461332","-0,01304835913242786","-0,002473268531546325","-0,0038961622589239156"
1900-01-01 09:06:25.594,COM12,2024-09-20 13:51:30.404,"-0,014","-0,005","0,999","0,061","-0,122","0,0","-0,5","0,533","163,685","97,994","45,461","48,945","19,46",96530,"408,64",,,,,,,,,,,,,,"0,093","0,98","-0,025712230224728988","0,007475236746329814","-0,009012013345722991","-0,015100164772892208","-0,003082374107126181","-0,004597844716646223"
1900-01-01 09:06:25.702,COM12,2024-09-20 13:51:30.504,"-0,013","-0,005","0,999","-0,061","-0,183","0,0","-0,505","0,527","163,685","98,020","45,409","48,984","19,49",96530,"408,64",,,,,,,,,,,,,,"0,108","0,981","-0,01664766986822369","0,00858539949293377","-0,009014007950382208","-0,0176770852283228","-0,0036895824177914016","-0,005517841153056998"
1900-01-01 09:06:25.796,COM12,2024-09-20 13:51:30.604,"-0,013","-0,005","0,999","-0,061","0,0","0,0","-0,505","0,533","163,685","98,033","45,383","49,023","19,51",96530,"408,64",,,,,,,,,,,,,,"0,094","0,981","-0,01566181712039126","0,008296835788092191","-0,009004505670906937","-0,020058348255606685","-0,004144767699013474","-0,0063981426042634005"
1900-01-01 09:06:25.888,COM12,2024-09-20 13:51:30.704,"-0,014","-0,005","0,999","-0,122","-0,061","0,0","-0,511","0,533","163,685","98,033","45,370","49,023","19,46",96530,"408,64",,,,,,,,,,,,,,"0,092","0,98","-0,025183322519888057","0,009282754061184555","-0,008995397855434462","-0,02260209775390563","-0,00451169895664419","-0,007335851284807425"
1900-01-01 09:06:25.997,COM12,2024-09-20 13:51:30.804,"-0,013","-0,006","0,999","0,0","-0,061","0,0","-0,511","0,533","163,685","98,020","45,383","49,023","19,46",96530,"408,64",,,,,,,,,,,,,,"0,109","0,98","-0,015373322519888044","-0,0005272459388154446","-0,008995397855434462","-0,0257985383652273","-0,004952696938270952","-0,008553706543459348"
1900-01-01 09:06:26.089,COM12,2024-09-20 13:51:30.904,"-0,013","-0,005","0,999","-0,061","0,0","0,0","-0,511","0,533","163,685","98,020","45,383","49,023","19,46",96530,"408,64",,,,,,,,,,,,,,"0,092","0,981","-0,015373322519888044","0,009282754061184555","-0,008995397855434462","-0,028626571343564014","-0,005246346187802242","-0,009657758121146066"
1900-01-01 09:06:26.197,COM12,2024-09-20 13:51:31.004,"-0,013","-0,006","1,0","0,0","-0,122","0,0","-0,516","0,527","163,685","98,007","45,396","49,010","19,46",96530,"408,64",,,,,,,,,,,,,,"0,108","0,981","-0,016118762353611996","0,0005829153451193461","0,00081277189891793","-0,032134445388312685","-0,005584265747449155","-0,010944338497436278"
1900-01-01 09:06:26.290,COM12,2024-09-20 13:51:31.104,"-0,013","-0,006","0,999","0,0","0,0","0,0","-0,516","0,522","163,685","97,994","45,396","49,010","19,46",96530,"408,64",,,,,,,,,,,,,,"0,093","0,98","-0,016940305630634214","0,000823384900259759","-0,009005064482414227","-0,0353016314080234","-0,005868130578920539","-0,012130111957505695"
1900-01-01 09:06:26.397,COM12,2024-09-20 13:51:31.204,"-0,013","-0,006","0,999","-0,061","0,0","0,0","-0,516","0,527","163,685","97,994","45,409","48,997","19,49",96530,"408,64",,,,,,,,,,,,,,"0,107","0,98","-0,016118762353611996","0,0005829153451193461","-0,008997228101081944","-0,03913014182905986","-0,00618805395282715","-0,013597398213727753"
1900-01-01 09:06:26.490,COM12,2024-09-20 13:51:31.304,"-0,013","-0,005","0,999","0,0","0,0","0,0","-0,516","0,527","163,685","97,994","45,422","48,984","19,47",96530,"408,64",,,,,,,,,,,,,,"0,093","0,981","-0,016118762353611996","0,010392915345119345","-0,008997228101081944","-0,04259713682854776","-0,006376229868879315","-0,014950520116477293"
1900-01-01 09:06:26.601,COM12,2024-09-20 13:51:31.404,"-0,013","-0,005","0,999","0,0","0,0","0,0","-0,516","0,527","163,685","97,994","45,409","48,997","19,51",96530,"408,64",,,,,,,,,,,,,,"0,111","0,981","-0,016118762353611996","0,010392915345119345","-0,008997228101081944","-0,046933762389217974","-0,006472775820006617","-0,016676391428482755"
1900-01-01 09:06:26.695,COM12,2024-09-20 13:51:31.504,"-0,012","-0,006","0,999","0,0","0,0","0,0","-0,516","0,533","163,685","98,007","45,409","48,997","19,46",96530,"408,64",,,,,,,,,,,,,,"0,094","0,981","-0,005322911292201901","0,0002943521339014432","-0,008987725837860339","-0,05065325331540488","-0,00655193455883945","-0,018217355652621347"
1900-01-01 09:06:26.803,COM12,2024-09-20 13:51:31.604,"-0,013","-0,006","0,998","0,0","0,0","0,0","-0,511","0,538","163,685","97,981","45,409","48,997","19,44",96530,"408,64",,,,,,,,,,,,,,"0,108","0,979","-0,014551780059351302","-0,0007677152549667443","-0,018797397125212","-0,05509644293789147","-0,00665183752780685","-0,020207078026806498"
1900-01-01 09:06:26.896,COM12,2024-09-20 13:51:31.704,"-0,013","-0,006","1,0","0,0","0,0","0,0","-0,511","0,544","163,685","97,981","45,422","48,997","19,49",96530,"408,64",,,,,,,,,,,,,,"0,093","0,981","-0,013565929995893095","-0,001056278174079453","0,0008323023565761645","-0,059039854619122735","-0,00674700083434528","-0,021913251488161686"
1900-01-01 09:06:26.989,COM12,2024-09-20 13:51:31.804,"-0,013","-0,006","0,999","0,0","0,0","0,0","-0,511","0,544","163,685","97,981","45,422","49,010","19,49",96530,"408,64",,,,,,,,,,,,,,"0,093","0,98","-0,013565929995893095","-0,001056278174079453","-0,00897769764342371","-0,06310059802888848","-0,006851299890811323","-0,023697073056434845"
1900-01-01 09:06:27.095,COM12,2024-09-20 13:51:31.904,"-0,013","-0,006","0,999","0,0","0,0","0,0","-0,511","0,549","163,685","97,981","45,422","48,997","19,47",96530,"408,64",,,,,,,,,,,,,,"0,106","0,98","-0,012744389024673591","-0,0012967470543006482","-0,008969532570736405","-0,06787216819295003","-0,0069847486351801175","-0,025831027694689476"
1900-01-01 09:06:27.202,COM12,2024-09-20 13:51:32.004,"-0,013","-0,006","0,999","0,0","0,0","0,0","-0,505","0,549","163,685","97,968","45,409","48,997","19,47",96530,"408,64",,,,,,,,,,,,,,"0,107","0,98","-0,013032881184215611","-0,002282666041873778","-0,008978640362192536","-0,07283796662655816","-0,0071455905734808985","-0,028087910433981553"
1900-01-01 09:06:27.297,COM12,2024-09-20 13:51:32.104,"-0,013","-0,005","0,998","0,0","0,0","0,0","-0,505","0,549","163,685","97,968","45,422","48,997","19,49",96530,"408,64",,,,,,,,,,,,,,"0,095","0,98","-0,013032881184215611","0,007527333958126221","-0,01878864036219241","-0,07736447483899124","-0,007220459974588942","-0,030261252307948912"
1900-01-01 09:06:27.390,COM12,2024-09-20 13:51:32.204,"-0,013","-0,005","0,999","0,0","0,0","0,0","-0,505","0,555","163,685","97,955","45,435","48,997","19,47",96530,"408,64",,,,,,,,,,,,,,"0,093","0,981","-0,012047032010747832","0,007238771299517874","-0,008968743660435763","-0,08189988292154984","-0,007231145044809392","-0,032466410280067644"
1900-01-01 09:06:27.498,COM12,2024-09-20 13:51:32.304,"-0,012","-0,005","0,999","0,0","0,0","0,0","-0,505","0,555","163,685","97,968","45,422","48,997","19,47",96530,"408,64",,,,,,,,,,,,,,"0,108","0,982","-0,002237032010747833","0,007238771299517874","-0,008968743660435763","-0,08719290117815257","-0,007159120485014918","-0,03513185031890601"
1900-01-01 09:06:27.591,COM12,2024-09-20 13:51:32.404,"-0,013","-0,006","1,0","0,0","0,0","0,0","-0,505","0,555","163,685","97,968","45,422","48,997","19,47",96530,"408,64",,,,,,,,,,,,,,"0,093","0,981","-0,012047032010747832","-0,0025712287004821255","0,0008412563395641115","-0,09185497279008809","-0,00711933789333348","-0,03741981432626927"
1900-01-01 09:06:27.699,COM12,2024-09-20 13:51:32.504,"-0,012","-0,005","0,999","0,0","0,0","0,0","-0,5","0,56","163,685","97,968","45,422","48,997","19,51",96530,"408,64",,,,,,,,,,,,,,"0,108","0,982","-0,0016559015052304005","0,006176702605193325","-0,008967921878920038","-0,09728830587136376","-0,007001093695419674","-0,04018140662722878"
1900-01-01 09:06:27.793,COM12,2024-09-20 13:51:32.604,"-0,012","-0,006","0,999","0,0","0,0","0,0","-0,5","0,56","163,685","97,981","45,422","48,997","19,47",96530,"408,64",,,,,,,,,,,,,,"0,094","0,981","-0,0016559015052304005","-0,003633297394806674","-0,008967921878920038","-0,10203194954335948","-0,006930281264867799","-0,04266425529874901"
1900-01-01 09:06:27.901,COM12,2024-09-20 13:51:32.704,"-0,012","-0,005","1,0","0,0","0,0","0,0","-0,5","0,56","163,685","97,981","45,422","49,010","19,47",96530,"408,64",,,,,,,,,,,,,,"0,108","0,983","-0,0016559015052304005","0,006176702605193325","0,0008420781210798367","-0,10750140777187325","-0,006776877242919095","-0,04550706794341904"
1900-01-01 09:06:27.993,COM12,2024-09-20 13:51:32.804,"-0,013","-0,005","0,999","0,0","0,0","0,0","-0,5","0,56","163,685","97,968","45,422","48,997","19,49",96530,"408,64",,,,,,,,,,,,,,"0,092","0,981","-0,0114659015052304","0,006176702605193325","-0,008967921878920038","-0,11225762328279934","-0,006593920131890214","-0,04800462765003225"
1900-01-01 09:06:28.103,COM12,2024-09-20 13:51:32.904,"-0,013","-0,006","1,0","0,0","0,0","0,0","-0,5","0,566","163,685","97,994","45,409","49,010","19,47",96530,"408,64",,,,,,,,,,,,,,"0,11","0,981","-0,010480053418911561","-0,003921859735201455","0,0008521720411618361","-0,11807121134440587","-0,006422621567151619","-0,0509805290610239"
1900-01-01 09:06:28.197,COM12,2024-09-20 13:51:33.004,"-0,013","-0,006","1,0","0,0","0,0","0,0","-0,5","0,566","163,685","97,968","45,422","49,010","19,49",96530,"408,64",,,,,,,,,,,,,,"0,094","0,981","-0,010480053418911561","-0,003921859735201455","0,0008521720411618361","-0,12313178834906097","-0,006310892709904333","-0,05351604229280651"
1900-01-01 09:06:28.291,COM12,2024-09-20 13:51:33.104,"-0,013","-0,006","0,999","0,0","0,0","0,0","-0,5","0,566","163,685","97,968","45,435","48,997","19,47",96530,"408,64",,,,,,,,,,,,,,"0,094","0,98","-0,010480053418911561","-0,003921859735201455","-0,008957827958838038","-0,12828496710572557","-0,006233817405277286","-0,05613070689243341"
1900-01-01 09:06:28.405,COM12,2024-09-20 13:51:33.204,"-0,013","-0,005","1,0","0,0","0,0","0,0","-0,494","0,566","163,685","97,981","45,409","49,010","19,51",96530,"408,64",,,,,,,,,,,,,,"0,114","0,982","-0,010768545340615984","0,004902219405315121","0,0008432614863860266","-0,1346745148896931","-0,0060766338562742855","-0,05929072408272513"
1900-01-01 09:06:28.493,COM12,2024-09-20 13:51:33.304,"-0,014","-0,006","0,999","0,0","0,0","0,0","-0,494","0,571","163,685","97,981","45,422","49,010","19,51",96530,"408,64",,,,,,,,,,,,,,"0,088","0,979","-0,019757005301014846","-0,0051482492022170215","-0,00895824473480289","-0,1397597956386489","-0,0059951672286904295","-0,06179940824526435"
1900-01-01 09:06:28.601,COM12,2024-09-20 13:51:33.404,"-0,011","-0,006","0,999","0,0","0,0","0,0","-0,494","0,571","163,685","97,968","45,448","48,997","19,47",96530,"408,64",,,,,,,,,,,,,,"0,108","0,982","0,009672994698985166","-0,0051482492022170215","-0,00895824473480289","-0,14588799620219844","-0,005955234637168539","-0,0649827368658765"
1900-01-01 09:06:28.694,COM12,2024-09-20 13:51:33.504,"-0,012","-0,004","0,999","0,0","0,305","0,916","-0,494","0,582","163,707","97,994","45,500","49,062","19,49",96530,"408,64",,,,,,,,,,,,,,"0,093","0,983","0,0016499507628493504","0,013988559293415366","-0,008939295474213793","-0,15115078737444046","-0,005799861189584828","-0,0678012524779601"
1900-01-01 09:06:28.802,COM12,2024-09-20 13:51:33.604,"-0,013","0,032","0,999","-0,244","0,366","1,831","-0,494","0,626","163,795","98,163","46,176","49,231","19,49",96530,"408,64",,,,,,,,,,,,,,"0,108","1,018","-0,001008387544613687","0,3652296087903282","-0,008859882920745576","-0,15727417766484833","-0,0013593893515894849","-0,07117770905670283"
1900-01-01 09:06:28.896,COM12,2024-09-20 13:51:33.704,"-0,017","0,008","1,0","0,0","0,244","2,319","-0,428","0,637","164,053","95,940","53,755","42,380","19,51",96530,"408,64",,,,,,,,,,,,,,"0,094","0,991","-0,041773651438910736","0,11897604546585402","0,0008799587757089","-0,16297290712394716","0,0035567381044020064","-0,07410870150394044"
1900-01-01 09:06:28.989,COM12,2024-09-20 13:51:33.804,"-0,015","0,0","0,999","-0,427","0,305","1,038","-0,39","0,643","164,24","90,077","68,640","26,416","19,47",96530,"408,64",,,,,,,,,,,,,,"0,093","0,984","-0,023064495963620812","0,03436315270488213","-0,008965007513348056","-0,16881049662715558","0,008717773239882796","-0,07708605153044572"
1900-01-01 09:06:29.095,COM12,2024-09-20 13:51:33.904,"-0,018","0,012","1,0","-0,305","-0,061","4,028","-0,396","0,665","164,41","81,744","86,541","3,913","19,51",96530,"408,64",,,,,,,,,,,,,,"0,106","0,994","-0,048693128163202815","0,15242843820935642","0,0008950320465590522","-0,17601120925326283","0,016312929326022088","-0,0804695336902583"
1900-01-01 09:06:29.187,COM12,2024-09-20 13:51:34.004,"-0,017","-0,01","0,999","-0,305","-0,244","0,427","-0,352","0,654","164,515","69,342","107,692","-26,494","19,46",96530,"408,64",,,,,,,,,,,,,,"0,092","0,972","-0,042772570818582975","-0,06991453265573075","-0,008985817416414577","-0,1826229114021229","0,022313194985065635","-0,08348219680644403"
1900-01-01 09:06:29.299,COM12,2024-09-20 13:51:34.104,"-0,017","-0,001","0,999","-0,549","0,0","2,625","-0,308","0,643","164,691","51,038","130,130","-71,175","19,54",96530,"408,64",,,,,,,,,,,,,,"0,112","0,981","-0,046664675951961984","0,011987218511154278","-0,00905052067235701","-0,19125730180022438","0,029768233891166042","-0,087263316418332"
1900-01-01 09:06:29.391,COM12,2024-09-20 13:51:34.204,"-0,017","-0,018","0,999","0,0","-0,122","0,122","-0,286","0,654","164,861","29,250","153,985","-127,452","19,44",96530,"408,64",,,,,,,,,,,,,,"0,092","0,964","-0,04589550611461296","-0,15855440102136464","-0,009048728592011557","-0,19873829633384754","0,03455001139950369","-0,09044582453832849"
1900-01-01 09:06:29.499,COM12,2024-09-20 13:51:34.304,"-0,016","-0,006","0,999","0,0","-0,244","0,0","-0,291","0,643","164,883","3,666","178,893","-195,052","19,46",96530,"408,64",,,,,,,,,,,,,,"0,108","0,977","-0,03768729862826101","-0,039470396129065694","-0,009065734558520333","-0,20795991804625738","0,03970301968710281","-0,09428755505925841"
1900-01-01 09:06:29.594,COM12,2024-09-20 13:51:34.404,"-0,016","-0,006","0,998","-0,061","0,366","0,549","-0,302","0,659","164,993","-26,650","202,098","-271,739","19,51",96529,"408,72",,,,,,,,,,,,,,"0,095","0,976","-0,034591348394616334","-0,03813158478197712","-0,018834863887263964","-0,2163837166569904","0,043891620905944694","-0,0978368397011034"
1900-01-01 09:06:29.688,COM12,2024-09-20 13:51:34.504,"-0,016","-0,015","1,0","-0,183","0,427","-0,183","-0,319","0,692","165,042","-65,273","223,808","-346,593","19,49",96528,"408,81",,,,,,,,,,,,,,"0,094","0,969","-0,028399790393850904","-0,1249631204782225","0,0008675197608276619","-0,22496978425132","0,0469319574530953","-0,10134109804737494"
1900-01-01 09:06:29.796,COM12,2024-09-20 13:51:34.604,"-0,011","-0,01","0,999","0,0","0,244","0,732","-0,363","0,709","165,086","-107,770","234,000","-403,819","19,49",96530,"408,64",,,,,,,,,,,,,,"0,108","0,978","0,025383841870924545","-0,06928368007566835","-0,008862062835904183","-0,23453855073875451","0,04961698523733383","-0,10547063431209426"
1900-01-01 09:06:29.890,COM12,2024-09-20 13:51:34.704,"-0,017","0,01","1,001","-0,305","-0,061","3,357","-0,363","0,709","165,278","-148,889","228,293","307,099","19,51",96529,"408,72",,,,,,,,,,,,,,"0,094","0,9939999999999999","-0,03357347076859568","0,12736282924462564","0,01075793716409379","-0,24316357675812178","0,05307933182356176","-0,10896980318749395"
1900-01-01 09:06:29.999,COM12,2024-09-20 13:51:34.804,"-0,01","0,002","1,0","-0,183","0,122","3,113","-0,352","0,725","165,553","-187,330","198,679","378,053","19,47",96529,"408,72",,,,,,,,,,,,,,"0,109","0,992","0,03713740483952259","0,04701456829078306","0,0009704668626646651","-0,25272370720985143","0,05765276061047609","-0,1130158199581302"
1900-01-01 09:06:30.092,COM12,2024-09-20 13:51:34.904,"-0,019","0,017","1,0","-0,549","0,0","8,911","-0,346","0,742","166,025","-218,686","144,872","386,867","19,47",96528,"408,81",,,,,,,,,,,,,,"0,093","0,998","-0,04880661700403657","0,19357795533870487","0,0010014707792951327","-0,2613026441908777","0,06322911613687057","-0,11645926428937083"
1900-01-01 09:06:30.187,COM12,2024-09-20 13:51:35.004,"-0,029","-0,007","0,999","-0,183","0,0","0,061","-0,324","0,769","166,289","-235,261","59,748","390,091","19,44",96528,"408,81",,,,,,,,,,,,,,"0,095","0,963","-0,14343346742090873","-0,04598344567131432","-0,00876959696386237","-0,2713605614837868","0,06851039269030498","-0,12005590679947353"
1900-01-01 09:06:30.297,COM12,2024-09-20 13:51:35.104,"-0,03","-0,029","0,997","0,061","-0,183","0,488","-0,346","0,775","166,371","-216,021","-54,847","390,754","19,46",96530,"408,64",,,,,,,,,,,,,,"0,11","0,938","-0,15139053840689473","-0,25818292232431145","-0,028353734205060377","-0,28483839649556286","0,07150154165521014","-0,12456352041610527"
1900-01-01 09:06:30.391,COM12,2024-09-20 13:51:35.204,"-0,019","-0,077","0,995","-0,305","0,244","0,244","-0,374","0,797","166,421","-162,240","-160,095","-119,600","19,51",96529,"408,72",,,,,,,,,,,,,,"0,094","0,899","-0,038717333438950674","-0,7251624365465835","-0,047891944218539706","-0,29669792550025625","0,06765007911771256","-0,12883865436216013"
1900-01-01 09:06:30.499,COM12,2024-09-20 13:51:35.304,"-0,027","-0,017","1,0","-0,366","0,183","2,258","-0,423","0,813","166,547","-95,875","-225,303","-284,115","19,49",96529,"408,72",,,,,,,,,,,,,,"0,108","0,956","-0,11264916574474257","-0,12871559909943006","0,0012548875918518831","-0,3116377072046826","0,061723655752266404","-0,13373587337641565"
1900-01-01 09:06:30.594,COM12,2024-09-20 13:51:35.404,"-0,017","-0,068","0,996","-0,305","0,0","0,183","-0,461","0,84","166,778","-42,224","-247,767","-197,808","19,49",96528,"408,81",,,,,,,,,,,,,,"0,095","0,911","-0,008716733951774885","-0,6231356763664235","-0,03786824565758806","-0,3248578503760094","0,05088679868308364","-0,13838537324120015"
1900-01-01 09:06:30.688,COM12,2024-09-20 13:51:35.504,"-0,021","-0,01","0,999","-0,122","0,183","1,892","-0,527","0,851","166,871","7,592","-255,255","-62,660","19,46",96529,"408,72",,,,,,,,,,,,,,"0,094","0,968","-0,04362907903852778","-0,043322078388447614","-0,008313036437906263","-0,33832434068791717","0,03978121990893617","-0,14305938499211013"
1900-01-01 09:06:30.797,COM12,2024-09-20 13:51:35.604,"-0,018","-0,024","1,0","-0,366","-0,061","0,122","-0,577","0,868","166,97","55,926","-258,440","76,947","19,46",96530,"408,64",,,,,,,,,,,,,,"0,109","0,958","-0,009529837771252686","-0,17269742019305073","0,0016230898288522866","-0,35405296303088113","0,024851656259813226","-0,14845996575173853"
1900-01-01 09:06:30.890,COM12,2024-09-20 13:51:35.704,"-0,018","-0,022","0,999","0,061","0,122","0,305","-0,637","0,873","167,047","93,353","-248,352","174,863","19,51",96530,"408,64",,,,,,,,,,,,,,"0,093","0,959","-0,006479179974148902","-0,14303342528205115","-0,008065085669793248","-0,36752883520063945","0,010876492096948456","-0,15313755563774648"
1900-01-01 09:06:30.999,COM12,2024-09-20 13:51:35.804,"-0,021","-0,025","0,999","-0,366","0,0","0,0","-0,692","0,89","167,075","119,613","-231,205","234,572","19,51",96530,"408,64",,,,,,,,,,,,,,"0,109","0,953","-0,031003802773208133","-0,16385314286513308","-0,007911109928505411","-0,3836914931717499","-0,007449740574639286","-0,15871388406787013"
1900-01-01 09:06:31.093,COM12,2024-09-20 13:51:35.904,"-0,022","-0,043","0,998","0,061","0,183","0,244","-0,753","0,901","167,124","139,958","-215,800","277,771","19,47",96529,"408,72",,,,,,,,,,,,,,"0,094","0,933","-0,036722604306569345","-0,33052186800558947","-0,01755999512066353","-0,3979544130876631","-0,02617450584739399","-0,16367798796853267"
1900-01-01 09:06:31.201,COM12,2024-09-20 13:51:36.004,"-0,021","-0,045","0,999","-0,061","0,244","1,16","-0,829","0,917","167,173","161,278","-204,269","316,836","19,51",96528,"408,81",,,,,,,,,,,,,,"0,108","0,933","-0,02143442416261096","-0,3379096136000461","-0,007526923177811895","-0,4145916087953365","-0,05162944368103672","-0,16946922052464414"
1900-01-01 09:06:31.296,COM12,2024-09-20 13:51:36.104,"-0,022","-0,038","0,999","-0,122","-0,061","0,183","-0,928","0,945","167,223","180,245","-195,975","345,358","19,54",96529,"408,72",,,,,,,,,,,,,,"0,095","0,9390000000000001","-0,02291650348797647","-0,25360882974729515","-0,0071891847370739725","-0,4294330005377319","-0,07630918090835845","-0,17462824266532762"
1900-01-01 09:06:31.388,COM12,2024-09-20 13:51:36.204,"-0,015","-0,029","0,998","0,061","0,122","0,0","-1,016","0,961","167,25","193,453","-189,852","362,076","19,51",96529,"408,72",,,,,,,,,,,,,,"0,092","0,954","0,05168912248866506","-0,15113798097231154","-0,016698068537497335","-0,44336822001867604","-0,10148878988366178","-0,1797656807694593"
1900-01-01 09:06:31.498,COM12,2024-09-20 13:51:36.304,"-0,017","-0,008","0,999","0,122","0,122","-0,061","-1,071","0,972","167,256","201,890","-184,769","372,034","19,49",96529,"408,72",,,,,,,,,,,,,,"0,11","0,974","0,03596574208684444","0,063661559495396","-0,0066848332965232515","-0,45959471000577146","-0,13082453922336928","-0,185989156289896"
1900-01-01 09:06:31.590,COM12,2024-09-20 13:51:36.404,"-0,019","-0,01","0,999","0,122","0,122","0,061","-1,071","0,972","167,256","209,534","-178,789","380,354","19,49",96529,"408,72",,,,,,,,,,,,,,"0,092","0,97","0,016345742086844472","0,044041559495395996","-0,0066848332965232515","-0,47302760581577363","-0,15498712545701018","-0,19125082533601032"
1900-01-01 09:06:31.697,COM12,2024-09-20 13:51:36.504,"-0,029","-0,021","0,999","0,061","0,122","0,244","-1,06","0,978","167,272","216,710","-171,431","388,232","19,47",96529,"408,72",,,,,,,,,,,,,,"0,107","0,949","-0,08120652040811252","-0,06587501555938288","-0,006702372870257989","-0,48958038113390695","-0,18384346684710146","-0,19744711067185222"
1900-01-01 09:06:31.790,COM12,2024-09-20 13:51:36.604,"-0,018","-0,094","0,996","0,671","0,122","1,16","-1,082","0,978","167,316","222,131","-165,165","394,199","19,49",96529,"408,72",,,,,,,,,,,,,,"0,093","0,884","0,027421570641456644","-0,778174479573935","-0,0360619769762458","-0,5037302036010776","-0,21565464324129613","-0,20314456712411508"
1900-01-01 09:06:31.899,COM12,2024-09-20 13:51:36.704,"-0,018","-0,018","0,999","0,244","-0,061","0,0","-1,099","1,016","167,492","223,106","-160,706","396,838","19,54",96529,"408,72",,,,,,,,,,,,,,"0,109","0,963","0,03395741361069002","-0,030555841205660322","-0,006463401773640243","-0,5199109560960076","-0,25330174414729734","-0,20989902281453018"
1900-01-01 09:06:31.991,COM12,2024-09-20 13:51:36.804,"-0,018","-0,015","0,999","0,061","0,061","0,061","-1,104","1,011","167,492","223,158","-159,627","397,345","19,51",96530,"408,64",,,,,,,,,,,,,,"0,092","0,966","0,03330702201312219","-0,00010482317036730748","-0,006462086923528787","-0,5332861943564918","-0,2850781660802637","-0,21565472639089486"
1900-01-01 09:06:32.099,COM12,2024-09-20 13:51:36.904,"-0,018","-0,014","0,999","0,061","0,061","0,061","-1,104","1,016","167,498","223,093","-159,523","397,449","19,49",96530,"408,64",,,,,,,,,,,,,,"0,108","0,967","0,034127121370798624","0,009541899064268583","-0,006446947329644459","-0,5485895022664348","-0,32226962555175603","-0,2224866190872368"
1900-01-01 09:06:32.191,COM12,2024-09-20 13:51:37.004,"-0,018","-0,014","0,999","0,122","0,0","0,0","-1,093","1,011","167,503","223,015","-159,549","397,501","19,49",96530,"408,64",,,,,,,,,,,,,,"0,092","0,967","0,03287194158632223","0,007906907221044646","-0,006498188175886099","-0,5613474253353922","-0,3538843151129009","-0,22836138019698954"
1900-01-01 09:06:32.302,COM12,2024-09-20 13:51:37.104,"-0,019","-0,014","0,999","0,061","0,0","0,0","-1,077","1,005","167,503","222,950","-159,588","397,527","19,57",96530,"408,64",,,,,,,,,,,,,,"0,111","0,966","0,021467522997886374","0,005454847633420801","-0,006568122928419129","-0,576475635513386","-0,3919609161665909","-0,2355303330307053"
1900-01-01 09:06:32.395,COM12,2024-09-20 13:51:37.204,"-0,018","-0,014","0,999","0,122","0,122","0,0","-1,066","1,005","167,514","222,846","-159,627","397,579","19,49",96530,"408,64",,,,,,,,,,,,,,"0,093","0,967","0,03084358907870438","0,0036560981663202874","-0,006603337018761479","-0,588883856217331","-0,4238313116725879","-0,24159386523434243"
1900-01-01 09:06:32.489,COM12,2024-09-20 13:51:37.304,"-0,019","-0,015","0,999","0,122","0,122","0,0","-1,055","1,005","167,514","222,742","-159,653","397,631","19,49",96530,"408,64",,,,,,,,,,,,,,"0,094","0,965","0,020627065987375265","-0,007992559645517233","-0,0066381896433753695","-0,601243237894211","-0,4561150218604084","-0,24778125175267526"
1900-01-01 09:06:32.597,COM12,2024-09-20 13:51:37.404,"-0,019","-0,015","0,999","0,061","0,122","0,0","-1,044","1,005","167,514","222,664","-159,653","397,644","19,51",96530,"408,64",,,,,,,,,,,,,,"0,108","0,965","0,020220535265664696","-0,009831222586518196","-0,006672680800976494","-0,6152075262209046","-0,4933216155841109","-0,2549679940715373"
1900-01-01 09:06:32.690,COM12,2024-09-20 13:51:37.504,"-0,018","-0,015","0,999","0,122","0,061","0,0","-1,027","1,0","167,514","222,638","-159,666","397,657","19,51",96530,"408,64",,,,,,,,,,,,,,"0,093","0,966","0,028566671088941092","-0,012487774313760636","-0,006740249997413628","-0,6269852569195313","-0,5254686336062278","-0,26121487415722944"
1900-01-01 09:06:32.799,COM12,2024-09-20 13:51:37.604,"-0,02","-0,015","0,998","0,122","0,0","0,0","-1,016","0,994","167,514","222,586","-159,731","397,696","19,51",96530,"408,64",,,,,,,,,,,,,,"0,109","0,963","0,00753742369822627","-0,014104414395179954","-0,016601693382314764","-0,6406997117364256","-0,5633138959430196","-0,26873373101975034"
1900-01-01 09:06:32.892,COM12,2024-09-20 13:51:37.704,"-0,02","-0,02","0,999","0,061","0,183","2,014","-1,005","1,0","167,657","221,416","-160,277","397,956","19,51",96530,"408,64",,,,,,,,,,,,,,"0,093","0,959","0,007806006829782192","-0,06470555786519538","-0,006807030736016628","-0,6523335214179526","-0,5961635287838365","-0,2752077764800948"
1900-01-01 09:06:33.001,COM12,2024-09-20 13:51:37.804,"-0,021","-0,029","0,999","0,183","0,061","0,549","-1,011","1,0","167,723","219,154","-162,916","397,085","19,52",96530,"408,64",,,,,,,,,,,,,,"0,109","0,949","-0,001937497856644016","-0,15175692791444184","-0,006788961201236177","-0,6659918661556482","-0,6364677354212593","-0,2828762958612186"
1900-01-01 09:06:33.095,COM12,2024-09-20 13:51:37.904,"-0,02","-0,029","0,999","0,305","0,0","0,305","-1,033","1,005","167,745","214,305","-169,455","392,587","19,46",96530,"408,64",,,,,,,,,,,,,,"0,094","0,95","0,009456105930128855","-0,14817963909882598","-0,006706810490291204","-0,6776870680159742","-0,6725348068950682","-0,2895487757875699"
1900-01-01 09:06:33.189,COM12,2024-09-20 13:51:38.004,"-0,022","-0,029","0,999","0,244","0,183","0,122","-1,093","1,016","167,745","204,763","-180,583","382,642","19,49",96531,"408,55",,,,,,,,,,,,,,"0,094","0,948","-0,0061471107646395295","-0,13854138291785587","-0,0064830485262685755","-0,6894365857470166","-0,7098260300283392","-0,29627853993069925"
1900-01-01 09:06:33.297,COM12,2024-09-20 13:51:38.104,"-0,019","-0,034","0,998","0,122","0,0","0,0","-1,137","1,016","167,739","190,632","-192,231","366,925","19,49",96531,"408,55",,,,,,,,,,,,,,"0,108","0,945","0,024895190897717884","-0,18025248087921292","-0,016146474985376358","-0,7026456541441364","-0,7547737300546045","-0,30419894185597096"
1900-01-01 09:06:33.390,COM12,2024-09-20 13:51:38.204,"-0,022","-0,021","0,999","0,61","-0,061","0,366","-1,143","1,022","167,75","173,225","-202,254","345,072","19,54",96532,"408,47",,,,,,,,,,,,,,"0,093","0,956","-0,0033431172910055595","-0,051896023833832794","-0,0062977737477698525","-0,7140490443297728","-0,7939275426762495","-0,31107375740343274"
1900-01-01 09:06:33.498,COM12,2024-09-20 13:51:38.304,"-0,025","-0,041","0,998","0,244","0,061","1,343","-1,148","1,038","167,838","154,024","-212,160","317,304","19,52",96531,"408,55",,,,,,,,,,,,,,"0,108","0,9319999999999999","-0,03015303400560862","-0,24751003032465763","-0,016041427544426057","-0,7276433959856049","-0,8422834433596086","-0,3192445213791052"
1900-01-01 09:06:33.589,COM12,2024-09-20 13:51:38.404,"-0,034","-0,044","0,995","0,427","0,122","3,845","-1,181","1,055","168,025","134,966","-224,601","284,232","19,52",96532,"408,47",,,,,,,,,,,,,,"0,091","0,917","-0,11493277443740713","-0,2713160366583603","-0,04530346948110697","-0,740049654297024","-0,8852745351831179","-0,3265043046116023"
1900-01-01 09:06:33.699,COM12,2024-09-20 13:51:38.504,"-0,019","-0,055","0,995","0,244","0,122","0,061","-1,181","1,077","168,69","112,437","-241,709","244,699","19,47",96531,"408,55",,,,,,,,,,,,,,"0,11","0,921","0,03403394972000326","-0,37743808442531024","-0,045233406872347004","-0,7546344194862482","-0,9418087898572579","-0,33582719098393"
1900-01-01 09:06:33.790,COM12,2024-09-20 13:51:38.604,"-0,029","-0,012","0,999","0,244","-0,122","0,122","-1,154","1,071","168,695","87,841","-257,257","190,346","19,47",96531,"408,55",,,,,,,,,,,,,,"0,091","0,958","-0,06599148714715694","0,04007989302475769","-0,0061068338533623034","-0,7672464734660357","-0,9882461353117266","-0,343590331310359"
1900-01-01 09:06:33.897,COM12,2024-09-20 13:51:38.704,"-0,021","-0,039","0,997","0,122","0,732","3,479","-1,115","1,099","168,865","55,861","-266,747","104,052","19,52",96531,"408,55",,,,,,,,,,,,,,"0,107","0,937","0,015434555761858593","-0,23161894457402468","-0,025768258960223278","-0,7818993212133518","-1,0455000940546177","-0,35301344018332537"
1900-01-01 09:06:33.990,COM12,2024-09-20 13:51:38.804,"-0,016","-0,016","0,999","0,488","0,122","1,709","-1,093","1,099","168,981","14,794","-265,408","-27,729","19,51",96531,"408,55",,,,,,,,,,,,,,"0,093","0,967","0,06345998919702714","-0,009237826222964596","-0,0062208208730965","-0,7940861084817438","-1,0953427785845442","-0,3612574228031117"
1900-01-01 09:06:34.098,COM12,2024-09-20 13:51:38.904,"-0,021","-0,014","0,997","0,854","0,244","0,0","-1,077","1,088","168,975","-29,783","-259,961","-170,820","19,54",96530,"408,64",,,,,,,,,,,,,,"0,108","0,962","0,012054677787337847","0,008030517986151647","-0,02592862126141071","-0,8080979008381648","-1,1531309378187975","-0,3711335114773856"
1900-01-01 09:06:34.190,COM12,2024-09-20 13:51:39.004,"-0,018","-0,008","1,0","0,122","0,0","-0,122","-1,055","1,088","168,97","-81,601","-240,565","-306,449","19,49",96530,"408,64",,,,,,,,,,,,,,"0,092","0,974","0,040778124251005826","0,06317468643049111","0,003431313877705122","-0,8196887260610851","-1,2018231777316581","-0,37951743326295806"
1900-01-01 09:06:34.296,COM12,2024-09-20 13:51:39.104,"-0,018","-0,018","0,998","0,427","0,244","0,183","-0,994","1,082","168,975","-144,339","-176,280","71,123","19,51",96531,"408,55",,,,,,,,,,,,,,"0,106","0,962","0,037764227996359145","-0,04496045585192404","-0,01639484433709626","-0,8326190536478132","-1,2584302820088629","-0,38936138170426315"
1900-01-01 09:06:34.388,COM12,2024-09-20 13:51:39.204,"-0,014","-0,007","0,997","0,244","0,0","-0,122","-0,945","1,104","168,981","-193,115","-64,857","349,479","19,49",96533,"408,38",,,,,,,,,,,,,,"0,092","0,976","0,07908590727024079","0,05401797468418497","-0,026274930329536872","-0,8431722190001778","-1,3071037681494646","-0,3981275770221202"
1900-01-01 09:06:34.500,COM12,2024-09-20 13:51:39.304,"-0,017","0,014","1,0","0,305","-0,061","-0,244","-0,895","1,071","168,964","-202,462","47,177","393,510","19,47",96533,"408,38",,,,,,,,,,,,,,"0,112","0,997","0,04251235444214052","0,25264306384805896","0,002910416459609877","-0,855486275759369","-1,3631892923364175","-0,4087629587102246"
1900-01-01 09:06:34.593,COM12,2024-09-20 13:51:39.404,"-0,011","0,017","1,001","0,122","0,183","-3,601","-0,813","1,027","168,761","-180,479","130,546","388,752","19,49",96533,"408,38",,,,,,,,,,,,,,"0,093","1,007","0,0916602362772925","0,26902899427303806","0,012373290090396338","-0,8649185713633494","-1,4074334761844733","-0,41748710727596233"
1900-01-01 09:06:34.701,COM12,2024-09-20 13:51:39.504,"-0,022","0,002","1,0","0,427","0,0","-3,662","-0,714","0,989","168,365","-148,447","181,467","388,362","19,51",96533,"408,38",,,,,,,,,,,,,,"0,108","0,98","-0,02533307835865048","0,1052075719497489","0,0022230092537611768","-0,876167689993947","-1,4575866775984776","-0,4275924473981735"
1900-01-01 09:06:34.794,COM12,2024-09-20 13:51:39.604,"-0,016","-0,019","0,999","0,0","-0,732","-4,15","-0,654","0,95","168,036","-113,607","211,887","403,442","19,51",96532,"408,47",,,,,,,,,,,,,,"0,093","0,964","0,0253568450593481","-0,11056328617285269","-0,00782258550771786","-0,8856351196840434","-1,5017304184559792","-0,43636192560102266"
1900-01-01 09:06:34.903,COM12,2024-09-20 13:51:39.704,"-0,015","-0,003","1,0","0,671","0,0","0,244","-0,599","0,934","167,866","-76,453","221,039","-220,675","19,49",96531,"408,55",,,,,,,,,,,,,,"0,109","0,982","0,03073562926051321","0,037224813988475935","0,0018394263412080392","-0,8963661844708691","-1,5530265133814947","-0,4466182770122602"
1900-01-01 09:06:34.997,COM12,2024-09-20 13:51:39.804,"-0,014","0,008","1,0","-0,183","-0,061","-0,183","-0,566","0,906","167,86","-38,987","215,891","-339,261","19,51",96529,"408,72",,,,,,,,,,,,,,"0,094","0,994","0,034679325249333065","0,14060049533470279","0,0017050209631168656","-0,9053140707049075","-1,596021166698281","-0,45544813835213405"
1900-01-01 09:06:35.091,COM12,2024-09-20 13:51:39.904,"-0,014","0,009","1,0","-0,122","-0,122","-0,305","-0,516","0,89","167,86","-7,748","198,796","-295,165","19,54",96530,"408,64",,,,,,,,,,,,,,"0,094","0,995","0,030202533177267205","0,14261722818715133","0,00158126649080792","-0,9139950873557916","-1,637755654186806","-0,4642640276212951"
1900-01-01 09:06:35.197,COM12,2024-09-20 13:51:40.004,"-0,015","0,016","1,0","0,244","0,0","0,061","-0,45","0,879","167,86","15,405","181,038","-234,520","19,51",96530,"408,64",,,,,,,,,,,,,,"0,106","1,001","0,016176606734236043","0,2006357326176203","0,0014569456053781238","-0,9236025585450119","-1,6825636054970676","-0,474188979322293"
1900-01-01 09:06:35.289,COM12,2024-09-20 13:51:40.104,"-0,013","0,001","0,999","0,061","-0,061","0,0","-0,385","0,851","167,855","31,564","166,179","-185,211","19,51",96530,"408,64",,,,,,,,,,,,,,"0,092","0,987","0,028774154903860122","0,04359997294206654","-0,008506511203124845","-0,9316975739979837","-1,721084495331219","-0,48287508745662383"
1900-01-01 09:06:35.396,COM12,2024-09-20 13:51:40.204,"-0,013","0,005","1,0","0,061","0,0","0,183","-0,346","0,824","167,844","42,952","152,256","-146,744","19,51",96530,"408,64",,,,,,,,,,,,,,"0,107","0,992","0,022856552747000214","0,07725556287437127","0,001193327882548445","-0,940850744254583","-1,7650014660902853","-0,4929637464627987"
1900-01-01 09:06:35.488,COM12,2024-09-20 13:51:40.304,"-0,015","0,003","0,999","0,122","0,061","-0,061","-0,302","0,807","167,838","52,052","140,387","-116,675","19,55",96530,"408,64",,,,,,,,,,,,,,"0,092","0,987","-0,0011920397298028906","0,05086849037869058","-0,008700694923868824","-0,9487308492265865","-1,802331301260936","-0,5017117501592894"
1900-01-01 09:06:35.595,COM12,2024-09-20 13:51:40.404,"-0,015","0,0","1,0","0,061","-0,122","-0,061","-0,269","0,802","167,838","59,618","131,027","-93,015","19,52",96530,"408,64",,,,,,,,,,,,,,"0,107","0,985","-0,0032187702623571457","0,01609547111103335","0,0010691338497075265","-0,9579326056230197","-1,8455632455519644","-0,5118738182928495"
1900-01-01 09:06:35.689,COM12,2024-09-20 13:51:40.504,"-0,015","0,005","0,999","0,061","0,122","0,183","-0,247","0,791","167,838","66,209","122,967","-72,735","19,51",96530,"408,64",,,,,,,,,,,,,,"0,094","0,989","-0,0058530187654026455","0,06185997375019044","-0,00878400688096903","-0,9660681088899592","-1,8829961159020074","-0,520878858119282"
1900-01-01 09:06:35.798,COM12,2024-09-20 13:51:40.604,"-0,016","0,0","0,999","0,122","0,061","0,0","-0,236","0,786","167,833","72,397","115,427","-55,055","19,54",96530,"408,64",,,,,,,,,,,,,,"0,109","0,983","-0,016895504178075782","0,011136968506358275","-0,008803725400309048","-0,9757025662484649","-1,9262699983042333","-0,5314254694475838"
1900-01-01 09:06:35.891,COM12,2024-09-20 13:51:40.704,"-0,017","-0,007","0,999","0,0","0,122","0,0","-0,231","0,78","167,838","78,026","107,744","-38,389","19,51",96530,"408,64",,,,,,,,,,,,,,"0,093","0,975","-0,027890927049808473","-0,058141275472322715","-0,008821252366688626","-0,9841640199622161","-1,963694615071087","-0,5405002493540929"
1900-01-01 09:06:36.001,COM12,2024-09-20 13:51:40.804,"-0,015","-0,013","0,999","0,061","-0,061","0,0","-0,231","0,764","167,838","82,628","100,581","-24,830","19,51",96530,"408,64",,,,,,,,,,,,,,"0,11","0,971","-0,010948645896708326","-0,11642419084652314","-0,008858162392897384","-0,994304669636842","-2,009369023526071","-0,5513410437611544"
1900-01-01 09:06:36.095,COM12,2024-09-20 13:51:40.904,"-0,014","-0,005","1,0","0,061","0,0","0,0","-0,236","0,764","167,838","87,178","92,599","-10,322","19,52",96530,"408,64",,,,,,,,,,,,,,"0,094","0,981","-0,0009583360869151181","-0,037107318087923495","0,0009553261239023669","-1,0029787835800954","-2,0487277619229545","-0,5605965540837399"
1900-01-01 09:06:36.186,COM12,2024-09-20 13:51:41.004,"-0,016","0,004","0,998","0,0","-0,061","0,0","-0,247","0,769","167,838","91,364","84,877","2,548","19,52",96530,"408,64",,,,,,,,,,,,,,"0,091","0,986","-0,01934487091731449","0,05284346268342752","-0,01864528399486609","-1,0115362589756942","-2,08639277365652","-0,5697110773757702"
1900-01-01 09:06:36.295,COM12,2024-09-20 13:51:41.104,"-0,018","-0,005","0,999","0,061","-0,122","0,0","-0,242","0,764","167,838","94,367","78,806","12,506","19,49",96530,"408,64",,,,,,,,,,,,,,"0,109","0,976","-0,03998196568624365","-0,03610307089821709","-0,008850389051747953","-1,0222614475464988","-2,1319369480765724","-0,5807336248792073"
1900-01-01 09:06:36.388,COM12,2024-09-20 13:51:41.204,"-0,014","-0,013","1,0","-0,122","-0,061","0,0","-0,264","0,758","167,838","97,591","71,929","24,011","19,52",96530,"408,64",,,,,,,,,,,,,,"0,093","0,973","-0,0009527650356982442","-0,11068442574837538","0,0009625982583312265","-1,0314205369753737","-2,1717530486938137","-0,5901298582459504"
1900-01-01 09:06:36.497,COM12,2024-09-20 13:51:41.304,"-0,018","-0,004","0,999","0,122","0,122","0,0","-0,291","0,758","167,838","102,453","61,282","40,443","19,49",96530,"408,64",,,,,,,,,,,,,,"0,109","0,977","-0,039219139388715546","-0,017875318889242126","-0,008825013974297136","-1,0426213463204226","-2,2186316078014","-0,6012474978818715"
1900-01-01 09:06:36.590,COM12,2024-09-20 13:51:41.404,"-0,016","0,026","1,0","0,488","-0,732","-11,78","-0,264","0,736","167,646","106,808","50,427","56,264","19,54",96530,"408,64",,,,,,,,,,,,,,"0,093","1,01","-0,02419627670286431","0,2722542700917941","0,0009134905001335625","-1,052387273762484","-2,256274183344198","-0,6107252896359363"
1900-01-01 09:06:36.699,COM12,2024-09-20 13:51:41.504,"-0,015","-0,005","0,999","-0,305","0,488","0,0","-0,242","0,736","167,454","107,302","48,074","59,410","19,54",96530,"408,64",,,,,,,,,,,,,,"0,109","0,979","-0,015147417519164541","-0,03597755804494135","-0,008913140933922037","-1,064013327232015","-2,300820350282996","-0,6219395662460935"
1900-01-01 09:06:36.793,COM12,2024-09-20 13:51:41.604,"-0,016","-0,005","0,999","0,122","-0,183","-0,061","-0,242","0,731","167,448","107,354","47,866","59,735","19,54",96530,"408,64",,,,,,,,,,,,,,"0,094","0,978","-0,025791596252816518","-0,03580534934597275","-0,008924100115640599","-1,0742673596309629","-2,339552686829147","-0,6316894471300801"
1900-01-01 09:06:36.887,COM12,2024-09-20 13:51:41.704,"-0,014","-0,004","0,999","-0,061","-0,061","0,0","-0,242","0,725","167,448","107,367","47,827","59,813","19,51",96530,"408,64",,,,,,,,,,,,,,"0,094","0,981","-0,00717425382363307","-0,025772110614198845","-0,008937152528803338","-1,0845847837366964","-2,3785127457446857","-0,6415182966938113"
1900-01-01 09:06:36.994,COM12,2024-09-20 13:51:41.804,"-0,016","-0,005","0,999","0,0","-0,061","0,0","-0,253","0,72","167,448","107,367","47,827","59,813","19,52",96530,"408,64",,,,,,,,,,,,,,"0,107","0,978","-0,027220598724706252","-0,03355770271112622","-0,008939812398317315","-1,0966407342790858","-2,4232451000528403","-0,6528088071519089"
1900-01-01 09:06:37.086,COM12,2024-09-20 13:51:41.904,"-0,015","-0,003","0,999","0,0","-0,061","0,0","-0,258","0,72","167,448","107,380","47,827","59,826","19,51",96530,"408,64",,,,,,,,,,,,,,"0,092","0,981","-0,01722459844552718","-0,013102077713771542","-0,008935995163112054","-1,1071523872980842","-2,4618174595559017","-0,662592170033147"
1900-01-01 09:06:37.194,COM12,2024-09-20 13:51:42.004,"-0,015","-0,005","0,999","0,0","0,0","0,0","-0,264","0,714","167,448","107,367","47,814","59,852","19,54",96530,"408,64",,,,,,,,,,,,,,"0,108","0,979","-0,018004057715004518","-0,031496088987892454","-0,00894417105707035","-1,1197021532147917","-2,507465425876233","-0,674181312139723"
1900-01-01 09:06:37.289,COM12,2024-09-20 13:51:42.104,"-0,015","-0,004","1,0","0,0","0,0","0,0","-0,275","0,714","167,448","107,367","47,814","59,852","19,54",96530,"408,64",,,,,,,,,,,,,,"0,095","0,981","-0,017594862298658115","-0,019847714998787437","0,0008746870285314401","-1,1309000927922892","-2,5477978552117952","-0,6843675708682231"
1900-01-01 09:06:37.396,COM12,2024-09-20 13:51:42.204,"-0,015","-0,004","0,999","0,061","0,0","0,0","-0,28","0,714","167,448","107,367","47,801","59,865","19,54",96530,"408,64",,,,,,,,,,,,,,"0,107","0,98","-0,01740886595982058","-0,01901209069050153","-0,008931167047684596","-1,1437118230543708","-2,5934425766265865","-0,6959427678413258"
1900-01-01 09:06:37.490,COM12,2024-09-20 13:51:42.304,"-0,015","-0,004","0,999","0,0","0,0","0,0","-0,286","0,714","167,448","107,380","47,788","59,878","19,52",96530,"408,64",,,,,,,,,,,,,,"0,094","0,98","-0,01718567165754667","-0,018009341724456986","-0,008926093334183705","-1,155118840552274","-2,633700808226049","-0,7061905034326029"
1900-01-01 09:06:37.598,COM12,2024-09-20 13:51:42.404,"-0,015","-0,004","1,0","0,0","0,0","0,0","-0,291","0,714","167,448","107,393","47,788","59,917","19,47",96530,"408,64",,,,,,,,,,,,,,"0,108","0,981","-0,01699967749425635","-0,017173717763468634","0,0008882169311625887","-1,168423059788158","-2,680155260903467","-0,7179541373539128"
1900-01-01 09:06:37.690,COM12,2024-09-20 13:51:42.504,"-0,015","-0,005","0,999","0,0","0,0","0,0","-0,302","0,714","167,448","107,393","47,775","59,917","19,51",96529,"408,72",,,,,,,,,,,,,,"0,092","0,979","-0,016590493825864777","-0,02514534564977036","-0,008912037538806317","-1,1798967055214309","-2,719940402649069","-0,7280504421800164"
1900-01-01 09:06:37.800,COM12,2024-09-20 13:51:42.604,"-0,015","-0,004","0,999","0,0","0,0","0,0","-0,308","0,714","167,448","107,406","47,762","59,904","19,51",96530,"408,64",,,,,,,,,,,,,,"0,11","0,98","-0,016367304761357393","-0,014332597591159967","-0,008906569405938924","-1,1938132393727392","-2,76768301829749","-0,7402298804836477"
1900-01-01 09:06:37.895,COM12,2024-09-20 13:51:42.704,"-0,015","-0,004","0,999","0,0","-0,061","0,0","-0,319","0,714","167,448","107,393","47,775","59,891","19,51",96530,"408,64",,,,,,,,,,,,,,"0,095","0,98","-0,015958128536443544","-0,012494226867713457","-0,008896265115698299","-1,2059760861725468","-2,809028037664062","-0,7508287750839985"
1900-01-01 09:06:37.987,COM12,2024-09-20 13:51:42.804,"-0,015","-0,005","1,0","0,0","0,0","0,0","-0,324","0,709","167,448","107,380","47,801","59,878","19,54",96530,"408,64",,,,,,,,,,,,,,"0,092","0,98","-0,016607686033068253","-0,021282572498951133","0,0009079077503741928","-1,217895410527997","-2,8492475605337417","-0,7610852832184022"
1900-01-01 09:06:38.097,COM12,2024-09-20 13:51:42.904,"-0,015","-0,005","0,999","0,0","0,0","0,0","-0,33","0,709","167,448","107,380","47,801","59,878","19,54",96530,"408,64",,,,,,,,,,,,,,"0,11","0,979","-0,01638450173985656","-0,020279825606799622","-0,008896229691844226","-1,2323450290762181","-2,897581506376462","-0,77345614384533"
1900-01-01 09:06:38.191,COM12,2024-09-20 13:51:43.004,"-0,015","-0,005","0,999","0,0","0,0","0,0","-0,335","0,703","167,448","107,367","47,814","59,865","19,52",96529,"408,72",,,,,,,,,,,,,,"0,094","0,979","-0,017201170118212344","-0,01922096545726708","-0,008903919945439043","-1,2448448744656806","-2,939054896547385","-0,7841062815995244"
1900-01-01 09:06:38.300,COM12,2024-09-20 13:51:43.104,"-0,015","-0,004","0,999","0,0","0,0","0,0","-0,341","0,703","167,448","107,367","47,814","59,878","19,51",96530,"408,64",,,,,,,,,,,,,,"0,109","0,98","-0,01697798783646709","-0,008408219289842686","-0,008897860170666405","-1,2595410915077976","-2,987246278947902","-0,7965616248975653"
1900-01-01 09:06:38.393,COM12,2024-09-20 13:51:43.204,"-0,015","-0,005","0,999","0,061","0,122","0,0","-0,341","0,709","167,448","107,354","47,853","59,852","19,51",96530,"408,64",,,,,,,,,,,,,,"0,093","0,979","-0,015975334261828317","-0,018441457131879467","-0,008885202289560468","-1,2722182363473775","-3,0285231971220856","-0,8072655090371017"
1900-01-01 09:06:38.501,COM12,2024-09-20 13:51:43.304,"-0,014","-0,005","0,999","0,061","0,061","0,0","-0,346","0,709","167,448","107,367","47,840","59,865","19,51",96530,"408,64",,,,,,,,,,,,,,"0,108","0,98","-0,005979350641959813","-0,017605835466707957","-0,008880070313344035","-1,2870098251134228","-3,0766630372086023","-0,8197994032425046"
1900-01-01 09:06:38.595,COM12,2024-09-20 13:51:43.404,"-0,014","-0,004","0,999","0,0","0,061","0,0","-0,346","0,709","167,448","107,354","47,814","59,878","19,57",96529,"408,72",,,,,,,,,,,,,,"0,094","0,981","-0,005979350641959813","-0,007795835466707958","-0,008880070313344035","-1,299936819248364","-3,118631411656458","-0,8307869976855328"
1900-01-01 09:06:38.688,COM12,2024-09-20 13:51:43.504,"-0,015","-0,005","0,999","0,061","0,122","0,0","-0,352","0,709","167,448","107,367","47,827","59,852","19,54",96530,"408,64",,,,,,,,,,,,,,"0,093","0,979","-0,015566171618728752","-0,016603089785150654","-0,008873813337439529","-1,3128609239874343","-3,160296914159271","-0,8417344524375311"
1900-01-01 09:06:38.798,COM12,2024-09-20 13:51:43.604,"-0,014","-0,005","0,999","0,0","0,061","0,0","-0,352","0,714","167,448","107,367","47,814","59,878","19,52",96530,"408,64",,,,,,,,,,,,,,"0,11","0,98","-0,004920628935404903","-0,016789120883301416","-0,008863182945102466","-1,3282070390953777","-3,209781839675824","-0,8547902993460036"
1900-01-01 09:06:38.891,COM12,2024-09-20 13:51:43.704,"-0,014","-0,005","0,999","0,0","0,122","0,0","-0,357","0,72","167,448","107,380","47,827","59,878","19,55",96530,"408,64",,,,,,,,,,,,,,"0,093","0,98","-0,003731998490769467","-0,01617673658296219","-0,008845031565796191","-1,3412137599234037","-3,251759007479979","-0,8659049251375429"
1900-01-01 09:06:38.999,COM12,2024-09-20 13:51:43.804,"-0,016","-0,004","1,0","0,0","0,0","0,0","-0,363","0,72","167,448","107,367","47,814","59,865","19,55",96529,"408,72",,,,,,,,,,,,,,"0,108","0,98","-0,023128823324365055","-0,005363991292850923","0,0009714226033725737","-1,356588113544754","-3,3005692518147285","-0,8788009018351169"
1900-01-01 09:06:39.091,COM12,2024-09-20 13:51:43.904,"-0,015","-0,005","0,999","0,061","0,0","0,0","-0,363","0,72","167,448","107,367","47,840","59,865","19,51",96530,"408,64",,,,,,,,,,,,,,"0,092","0,979","-0,013318823324365042","-0,015173991292850922","-0,0088385773966273","-1,3697975156687439","-3,3422767815029286","-0,8898611731854688"
1900-01-01 09:06:39.199,COM12,2024-09-20 13:51:44.004,"-0,015","-0,004","0,999","0,0","0,061","0,0","-0,368","0,72","167,448","107,367","47,840","59,865","19,55",96529,"408,72",,,,,,,,,,,,,,"0,108","0,98","-0,013132845140025134","-0,0045283705010701475","-0,00883311675228704","-1,3854573866243582","-3,391290613528688","-0,9029479994618544"
1900-01-01 09:06:39.292,COM12,2024-09-20 13:51:44.104,"-0,015","-0,004","0,999","0,0","0,0","0,0","-0,368","0,725","167,448","107,367","47,853","59,865","19,51",96530,"408,64",,,,,,,,,,,,,,"0,093","0,98","-0,012297305930264263","-0,004714400825842423","-0,008822322038534836","-1,3990486349017948","-3,4335377437369456","-0,9142935152409423"
1900-01-01 09:06:39.386,COM12,2024-09-20 13:51:44.204,"-0,015","-0,004","0,999","0,0","0,0","0,0","-0,374","0,725","167,448","107,367","47,853","59,865","19,54",96529,"408,72",,,,,,,,,,,,,,"0,094","0,98","-0,012074134022940497","-0,0037116560990549385","-0,008815670668672837","-1,412892712682054","-3,476271940355788","-0,925838921079382"
1900-01-01 09:06:39.493,COM12,2024-09-20 13:51:44.304,"-0,014","-0,004","0,999","0,0","0,0","0,0","-0,379","0,725","167,448","107,354","47,866","59,813","19,54",96530,"408,64",,,,,,,,,,,,,,"0,107","0,981","-0,002078158564927851","-0,002876035790552234","-0,00881004569061794","-1,4286751898012484","-3,5249491131769597","-0,9390818981936966"
1900-01-01 09:06:39.586,COM12,2024-09-20 13:51:44.404,"-0,015","-0,005","0,999","0,0","0,0","0,0","-0,379","0,725","167,448","107,341","47,918","59,774","19,55",96530,"408,64",,,,,,,,,,,,,,"0,093","0,979","-0,011888158564927837","-0,012686035790552233","-0,00881004569061794","-1,442495490597621","-3,5673670316385397","-0,9506683474156155"
1900-01-01 09:06:39.695,COM12,2024-09-20 13:51:44.504,"-0,015","-0,005","1,0","0,0","0,0","0,0","-0,385","0,725","167,448","107,328","47,957","59,735","19,54",96530,"408,64",,,,,,,,,,,,,,"0,109","0,98","-0,011664989375140045","-0,011683291786453186","0,0010068028867884493","-1,4588320692912755","-3,617221465691827","-0,9642362024205084"
1900-01-01 09:06:39.787,COM12,2024-09-20 13:51:44.604,"-0,014","-0,004","0,999","0,0","0,0","0,0","-0,385","0,725","167,448","107,315","47,983","59,696","19,51",96530,"408,64",,,,,,,,,,,,,,"0,092","0,981","-0,0018549893751400592","-0,0018732917864531864","-0,008803197113211425","-1,472636441846266","-3,6593162930949976","-0,9757624802079403"
1900-01-01 09:06:39.895,COM12,2024-09-20 13:51:44.704,"-0,01","-0,002","0,999","0,0","0,366","0,0","-0,385","0,725","167,448","107,263","48,126","59,527","19,55",96529,"408,72",,,,,,,,,,,,,,"0,108","0,987","0,03738501062485995","0,017746708213546816","-0,008803197113211425","-1,4884055160816745","-3,7085249624419427","-0,9893960085364888"
1900-01-01 09:06:39.989,COM12,2024-09-20 13:51:44.804,"-0,004","0,025","1,0","-0,427","-0,122","-0,305","-0,379","0,736","167,443","106,756","49,413","57,616","19,55",96530,"408,64",,,,,,,,,,,,,,"0,094","1,021","0,09786315925651762","0,2811927343614336","0,0010239655931219005","-1,5012657321891543","-3,748870111206059","-1,0012531798772817"
1900-01-01 09:06:40.097,COM12,2024-09-20 13:51:44.904,"-0,009","0,058","0,998","-0,305","0,244","-3,418","-0,346","0,72","167,206","103,025","58,799","44,226","19,57",96530,"408,64",,,,,,,,,,,,,,"0,108","1,047","0,04503873672900953","0,5994520294447577","-0,018666584830951294","-1,5155159678065833","-3,7882321034423234","-1,015094039952597"
1900-01-01 09:06:40.190,COM12,2024-09-20 13:51:45.004,"-0,014","0,024","1,0","0,0","0,549","-1,282","-0,236","0,725","166,943","91,312","84,214","5,070","19,52",96530,"408,64",,,,,,,,,,,,,,"0,093","1,01","-0,007292639740426876","0,24675936729721915","0,0008685626089448562","-1,5278500780738178","-3,8199929305446862","-1,0270050461527804"
1900-01-01 09:06:40.297,COM12,2024-09-20 13:51:45.104,"-0,009","0,013","1,0","-0,549","0,244","-0,549","-0,148","0,731","166,849","69,498","117,013","-62,231","19,54",96530,"408,64",,,,,,,,,,,,,,"0,107","1,004","0,03934863803030979","0,12373029705531792","0,0008311289722762183","-1,5415904335664075","-3,8551183692549134","-1,0406995914541621"
1900-01-01 09:06:40.389,COM12,2024-09-20 13:51:45.204,"-0,014","0,019","1,0","-0,183","-0,183","-0,122","-0,11","0,703","166,833","42,757","149,045","-148,564","19,51",96529,"408,72",,,,,,,,,,,,,,"0,092","1,005","-0,01585196028345022","0,17731139049216146","0,0007564901744210317","-1,5535387419911275","-3,88381891743402","-1,0524679377524204"
1900-01-01 09:06:40.496,COM12,2024-09-20 13:51:45.304,"-0,021","0,007","0,995","0,061","-0,061","0,244","-0,071","0,703","166,822","4,784","180,518","-265,486","19,54",96528,"408,81",,,,,,,,,,,,,,"0,107","0,981","-0,086045883935615","0,05306643086827746","-0,04830405622095313","-1,5684202835059264","-3,9165913452492314","-1,0667080693041988"
1900-01-01 09:06:40.588,COM12,2024-09-20 13:51:45.404,"-0,021","-0,038","0,999","-0,427","0,122","-0,488","-0,071","0,714","166,794","-50,297","201,175","-376,701","19,57",96528,"408,81",,,,,,,,,,,,,,"0,092","0,94","-0,08422008654105839","-0,38887242413764456","-0,009040767540593464","-1,581928466424592","-3,9480609236807718","-1,0790284417883598"
1900-01-01 09:06:40.696,COM12,2024-09-20 13:51:45.504,"-0,016","-0,037","1,0","-0,244","-0,061","0,244","-0,132","0,736","166,772","-106,782","193,310","283,686","19,54",96527,"408,89",,,,,,,,,,,,,,"0,108","0,947","-0,02912006286641622","-0,3698039062853604","0,000835394989103122","-1,598125554959778","-3,9893168650372317","-1,093481743700874"
1900-01-01 09:06:40.789,COM12,2024-09-20 13:51:45.604,"-0,001","-0,006","1,0","-0,122","0,061","0,0","-0,214","0,758","166,778","-154,622","154,778","373,308","19,52",96529,"408,72",,,,,,,,,,,,,,"0,093","0,993","0,12490793032774823","-0,05287433251703811","0,0009268913401925261","-1,610992719175672","-4,025300124640568","-1,105919625886782"
1900-01-01 09:06:40.898,COM12,2024-09-20 13:51:45.704,"-0,017","0,067","1,001","-0,183","0,0","0,488","-0,253","0,764","166,778","-190,437","88,400","394,186","19,52",96526,"408,98",,,,,,,,,,,,,,"0,109","1,051","-0,02952516376421313","0,6695211932190057","0,010777745837952324","-1,6264243775338005","-4,059519471266122","-1,1203693083730404"
1900-01-01 09:06:40.991,COM12,2024-09-20 13:51:45.804,"-0,018","0,002","0,998","-0,366","0,0","0,122","-0,187","0,791","166,767","-200,499","-21,086","390,936","19,55",96528,"408,81",,,,,,,,,,,,,,"0,093","0,982","-0,03741933764067554","0,019786417353865646","-0,018632910703960448","-1,6399144781860269","-4,088544661810103","-1,1328590925940678"
1900-01-01 09:06:41.099,COM12,2024-09-20 13:51:45.904,"-0,022","-0,03","0,999","-0,488","0,122","2,197","-0,159","0,813","166,833","-158,197","-151,593","122,941","19,54",96531,"408,55",,,,,,,,,,,,,,"0,108","0,947","-0,07408409507327615","-0,29949928636953654","-0,008784661027311458","-1,6564445184090308","-4,1257446943761025","-1,1474658224272898"
1900-01-01 09:06:41.192,COM12,2024-09-20 13:51:46.004,"-0,02","-0,03","0,998","-0,305","0,183","3,845","-0,209","0,835","167,327","-88,322","-229,996","-258,752","19,54",96529,"408,72",,,,,,,,,,,,,,"0,093","0,948","-0,04887219457584471","-0,29075103567974003","-0,01851300189379934","-1,6711014153230594","-4,160292761459973","-1,160203958737055"
1900-01-01 09:06:41.299,COM12,2024-09-20 13:51:46.104,"-0,019","-0,024","1,0","0,0","0,366","0,732","-0,286","0,857","167,542","-30,056","-253,058","-170,664","19,52",96528,"408,81",,,,,,,,,,,,,,"0,107","0,957","-0,03255571658533296","-0,2192773704759224","0,0012195568127246759","-1,6883374572254823","-4,202552119450619","-1,1748457012477176"
1900-01-01 09:06:41.392,COM12,2024-09-20 13:51:46.204,"-0,015","-0,015","1,0","0,061","0,183","0,183","-0,401","0,895","167,635","21,268","-257,140","-15,236","19,57",96528,"408,81",,,,,,,,,,,,,,"0,093","0,97","0,017226837482507362","-0,11289751593619601","0,001437056192445496","-1,7031693211578656","-4,240258666263428","-1,1875592726486308"
1900-01-01 09:06:41.485,COM12,2024-09-20 13:51:46.304,"-0,022","-0,024","1,0","-0,122","0,305","0,122","-0,505","0,906","167,64","67,041","-251,784","125,788","19,57",96530,"408,64",,,,,,,,,,,,,,"0,093","0,954","-0,045797434535743975","-0,18418250013708307","0,0016074203801998976","-1,7183972871015483","-4,279558207519923","-1,2002589414706757"
1900-01-01 09:06:41.592,COM12,2024-09-20 13:51:46.404,"-0,024","-0,04","0,999","0,0","0,061","0,0","-0,588","0,923","167,64","99,723","-235,911","210,418","19,57",96529,"408,72",,,,,,,,,,,,,,"0,107","0,935","-0,059535044952559124","-0,32788399281465797","-0,008020597841310817","-1,7365992517449096","-4,3285277525842485","-1,2149622162196492"
1900-01-01 09:06:41.687,COM12,2024-09-20 13:51:46.504,"-0,02","-0,035","0,998","0,0","0,244","0,183","-0,692","0,95","167,635","122,031","-218,634","260,702","19,57",96528,"408,81",,,,,,,,,,,,,,"0,095","0,943","-0,01196502724283241","-0,26244597884611254","-0,017556175066307134","-1,7528678589299755","-4,374373961011662","-1,2281749700561877"
1900-01-01 09:06:41.795,COM12,2024-09-20 13:51:46.604,"-0,025","-0,034","0,999","0,122","0,061","0,122","-0,769","0,978","167,651","139,776","-204,997","297,947","19,54",96528,"408,81",,,,,,,,,,,,,,"0,108","0,94","-0,053538970924682044","-0,24073137338281334","-0,007497466480378634","-1,7719871751288108","-4,429301751857753","-1,2432832353930692"
1900-01-01 09:06:41.889,COM12,2024-09-20 13:51:46.704,"-0,023","-0,041","0,998","0,122","0,183","0,427","-0,857","0,994","167,679","157,963","-194,064","330,317","19,54",96528,"408,81",,,,,,,,,,,,,,"0,094","0,9339999999999999","-0,028077420566600314","-0,295172775753249","-0,017046574335633835","-1,7888761535381457","-4,479717420166646","-1,2565836454208144"
1900-01-01 09:06:41.998,COM12,2024-09-20 13:51:46.804,"-0,021","-0,031","0,999","0,0","0,0","0,732","-0,95","1,016","167,767","171,834","-186,056","351,273","19,51",96528,"408,81",,,,,,,,,,,,,,"0,109","0,947","-0,0015726359445569493","-0,1820067850800658","-0,006919470638342418","-1,8084788661813083","-4,540340564542623","-1,2720886715347048"
1900-01-01 09:06:42.093,COM12,2024-09-20 13:51:46.904,"-0,021","-0,022","0,999","0,0","0,122","0,0","-1,016","1,027","167,8","180,700","-180,505","363,545","19,54",96528,"408,81",,,,,,,,,,,,,,"0,095","0,956","0,002581596017132176","-0,08295273624185853","-0,006692064973170986","-1,8255405003148724","-4,593925898452507","-1,2856626222909922"
1900-01-01 09:06:42.187,COM12,2024-09-20 13:51:47.004,"-0,021","-0,018","0,999","0,244","0,183","0,061","-1,044","1,038","167,822","187,473","-175,812","372,346","19,55",96529,"408,72",,,,,,,,,,,,,,"0,094","0,96","0,005380595101429159","-0,03934406335791704","-0,00657196886600353","-1,842374995361346","-4,647294820359801","-1,299151759272008"
1900-01-01 09:06:42.298,COM12,2024-09-20 13:51:47.104,"-0,018","-0,021","1,0","0,183","0,061","0,183","-1,06","1,044","167,822","192,972","-171,197","378,794","19,57",96529,"408,72",,,,,,,,,,,,,,"0,111","0,961","0,03639134242717082","-0,06631313581483309","0,0033069797489027053","-1,8618056490159665","-4,711132612715853","-1,3150396757287002"
1900-01-01 09:06:42.391,COM12,2024-09-20 13:51:47.204,"-0,019","-0,003","1,0","0,0","0,0","0,0","-1,066","1,044","167,827","197,080","-167,167","383,500","19,54",96529,"408,72",,,,,,,,,,,,,,"0,093","0,978","0,026785394983301597","0,11128955162739203","0,003326034849353121","-1,877853718980519","-4,7636557873037635","-1,3283224064251113"
1900-01-01 09:06:42.499,COM12,2024-09-20 13:51:47.304,"-0,019","-0,018","0,999","0,305","0,183","0,671","-1,055","1,044","167,86","201,292","-162,682","387,998","19,55",96529,"408,72",,,,,,,,,,,,,,"0,108","0,962","0,026308921791456635","-0,037578775694285665","-0,006518817351022221","-1,8961833200626752","-4,825088760503616","-1,3438235485258807"
1900-01-01 09:06:42.591,COM12,2024-09-20 13:51:47.404,"-0,018","-0,019","1,0","0,183","0,122","0,671","-1,049","1,044","167,888","205,114","-157,729","392,795","19,54",96529,"408,72",,,,,,,,,,,,,,"0,092","0,963","0,035835788229220567","-0,04828918317359693","0,0032723247097941055","-1,9114941105766436","-4,877829272135056","-1,3570005281738962"
1900-01-01 09:06:42.699,COM12,2024-09-20 13:51:47.504,"-0,02","-0,012","0,999","0,183","0,061","0,793","-1,044","1,049","167,937","208,052","-153,283","396,422","19,57",96529,"408,72",,,,,,,,,,,,,,"0,108","0,967","0,01675590480704106","0,019546475531993165","-0,006537675290205769","-1,9292722063932852","-4,939514056568315","-1,372545411900934"
1900-01-01 09:06:42.791,COM12,2024-09-20 13:51:47.604,"-0,02","-0,017","0,999","0,122","0,244","0,305","-1,033","1,049","167,997","210,808","-148,928","399,646","19,57",96529,"408,72",,,,,,,,,,,,,,"0,092","0,962","0,016221044372452392","-0,03112262804675489","-0,006571804509677648","-1,9442792153175226","-4,992323776342658","-1,3858429736440028"
1900-01-01 09:06:42.885,COM12,2024-09-20 13:51:47.704,"-0,018","-0,02","1,0","0,061","0,244","1,465","-1,027","1,055","168,019","213,616","-144,248","402,584","19,57",96529,"408,72",,,,,,,,,,,,,,"0,094","0,962","0,03658064621575391","-0,06168908902696976","0,0032385899455018574","-1,9592892369762374","-5,046826618294041","-1,3994009966355103"
1900-01-01 09:06:42.994,COM12,2024-09-20 13:51:47.804,"-0,019","-0,015","0,999","0,244","0,0","0,0","-1,033","1,077","168,173","213,889","-142,181","403,611","19,57",96529,"408,72",,,,,,,,,,,,,,"0,109","0,965","0,0303040906249612","-0,011833009432928865","-0,0064828803989431805","-1,9763344319563725","-5,110167310244016","-1,4151995570361933"
1900-01-01 09:06:43.088,COM12,2024-09-20 13:51:47.904,"-0,02","-0,014","1,0","0,061","0,0","0,0","-1,022","1,077","168,173","213,876","-141,791","403,806","19,55",96529,"408,72",,,,,,,,,,,,,,"0,094","0,966","0,02010876054639807","-0,003866245383158634","0,0032933521523457188","-1,990856276894356","-5,164825555354255","-1,4287949035606502"
1900-01-01 09:06:43.196,COM12,2024-09-20 13:51:48.004,"-0,019","-0,014","0,999","0,061","0,122","0,0","-1,022","1,077","168,173","213,863","-141,765","403,871","19,52",96529,"408,72",,,,,,,,,,,,,,"0,108","0,966","0,029918760546398082","-0,003866245383158634","-0,006516647847654156","-2,007191977378813","-5,227669486047912","-1,4444910991096702"
1900-01-01 09:06:43.289,COM12,2024-09-20 13:51:48.104,"-0,019","-0,015","0,999","0,061","0,061","0,0","-1,011","1,071","168,173","213,863","-141,778","403,871","19,57",96530,"408,64",,,,,,,,,,,,,,"0,093","0,965","0,02852826350064694","-0,015309003207183175","-0,006569306293721766","-2,0210120896227455","-5,281917500602856","-1,4580640854292386"
1900-01-01 09:06:43.399,COM12,2024-09-20 13:51:48.204,"-0,019","-0,014","0,999","0,061","0,0","0,0","-1,0","1,071","168,173","213,863","-141,778","403,897","19,58",96530,"408,64",,,,,,,,,,,,,,"0,11","0,966","0,028142914103607974","-0,00734224821957577","-0,0066023508810086895","-2,0370179296828717","-5,346170660097107","-1,4741980437152484"
1900-01-01 09:06:43.491,COM12,2024-09-20 13:51:48.304,"-0,019","-0,014","0,999","0,122","0,122","0,0","-0,989","1,071","168,173","213,850","-141,791","403,897","19,54",96530,"408,64",,,,,,,,,,,,,,"0,092","0,966","0,027757556799163002","-0,009185498023517508","-0,006635034002600904","-2,0501696923178656","-5,399987412274842","-1,4877480586640728"
1900-01-01 09:06:43.597,COM12,2024-09-20 13:51:48.404,"-0,02","-0,014","0,999","0,122","0,061","0,0","-0,978","1,071","168,173","213,837","-141,791","403,910","19,57",96530,"408,64",,,,,,,,,,,,,,"0,106","0,965","0,017562191601515842","-0,01102875255106861","-0,006667355657295815","-2,065125481351611","-5,4621175892824185","-1,503434946817623"
1900-01-01 09:06:43.691,COM12,2024-09-20 13:51:48.504,"-0,02","-0,014","0,999","0,061","0,061","0,0","-0,967","1,071","168,173","213,824","-141,791","403,923","19,55",96530,"408,64",,,,,,,,,,,,,,"0,094","0,965","0,017176818524870546","-0,01287201173428898","-0,006699315843901488","-2,0782363878243713","-5,517327898441425","-1,5174051559953792"
1900-01-01 09:06:43.784,COM12,2024-09-20 13:51:48.604,"-0,019","-0,014","0,999","0,122","0,122","0,0","-0,961","1,071","168,173","213,811","-141,778","403,923","19,54",96530,"408,64",,,,,,,,,,,,,,"0,093","0,966","0,026776611712698406","-0,013877427772237175","-0,006716596318222301","-2,0909762256539945","-5,572070889758776","-1,5312848377681199"
1900-01-01 09:06:43.892,COM12,2024-09-20 13:51:48.704,"-0,02","-0,014","0,999","0,122","0,0","0,0","-0,95","1,066","168,173","213,824","-141,791","403,936","19,57",96530,"408,64",,,,,,,,,,,,,,"0,108","0,965","0,015743577225684924","-0,01554528796778866","-0,006763959726422186","-2,105587242952023","-5,635824716043588","-1,5474820727175516"
1900-01-01 09:06:43.985,COM12,2024-09-20 13:51:48.804,"-0,019","-0,014","0,999","0,061","0,061","0,0","-0,939","1,066","168,173","213,811","-141,778","403,936","19,57",96530,"408,64",,,,,,,,,,,,,,"0,093","0,966","0,025168181506248666","-0,017388558140050234","-0,006794999857676842","-2,117951272690144","-5,690874237872642","-1,5614884616555533"
1900-01-01 09:06:44.092,COM12,2024-09-20 13:51:48.904,"-0,019","-0,013","0,999","0,061","0,0","0,0","-0,934","1,071","168,173","213,811","-141,778","403,949","19,57",96530,"408,64",,,,,,,,,,,,,,"0,107","0,967","0,025830652162990936","-0,00859181653856389","-0,006793027583478661","-2,1318808190801852","-5,754309152200714","-1,577681112623692"
1900-01-01 09:06:44.199,COM12,2024-09-20 13:51:49.004,"-0,019","-0,014","0,999","0,061","0,0","0,0","-0,928","1,066","168,173","213,824","-141,778","403,962","19,57",96530,"408,64",,,,,,,,,,,,,,"0,107","0,966","0,02478277798905118","-0,01923183273356692","-0,006825678516138467","-2,14552662744503","-5,8179642517817545","-1,593951910785162"
1900-01-01 09:06:44.292,COM12,2024-09-20 13:51:49.104,"-0,019","-0,014","0,998","0,061","0,061","0,0","-0,923","1,066","168,173","213,811","-141,778","403,962","19,58",96530,"408,64",,,,,,,,,,,,,,"0,093","0,965","0,02460759199821319","-0,02006968626472487","-0,016649503865449944","-2,1571741718765156","-5,873464229461218","-1,6082378210264936"
1900-01-01 09:06:44.383,COM12,2024-09-20 13:51:49.204,"-0,02","-0,014","0,998","0,122","0,0","0,0","-0,917","1,06","168,173","213,811","-141,778","403,962","19,57",96530,"408,64",,,,,,,,,,,,,,"0,091","0,964","0,013582176346032065","-0,020864622070178362","-0,016685051524008898","-2,168458757479196","-5,92794343916896","-1,6223546763033376"
1900-01-01 09:06:44.493,COM12,2024-09-20 13:51:49.304,"-0,019","-0,014","0,999","0,122","0,061","0,0","-0,906","1,066","168,173","213,798","-141,765","403,962","19,54",96529,"408,72",,,,,,,,,,,,,,"0,11","0,966","0,024011947618194973","-0,022918394912602738","-0,0068859514101706765","-2,181808920784388","-5,994074741504013","-1,6395023268698277"
1900-01-01 09:06:44.587,COM12,2024-09-20 13:51:49.404,"-0,02","-0,014","0,999","0,0","0,0","0,0","-0,906","1,06","168,173","213,798","-141,765","403,975","19,55",96530,"408,64",,,,,,,,,,,,,,"0,094","0,965","0,013196754205566097","-0,022707904659440656","-0,0069050072917100636","-2,193100635634119","-6,050787592363175","-1,654216786361985"
1900-01-01 09:06:44.695,COM12,2024-09-20 13:51:49.504,"-0,02","-0,014","0,999","0,0","0,0","0,0","-0,912","1,055","168,173","213,824","-141,791","403,975","19,60",96530,"408,64",,,,,,,,,,,,,,"0,108","0,965","0,012569324148043653","-0,021527068699946056","-0,00690451031438144","-2,2059274866518406","-6,116198129760464","-1,6712032953059621"
1900-01-01 09:06:44.787,COM12,2024-09-20 13:51:49.604,"-0,02","-0,014","0,999","0,0","0,0","0,0","-0,912","1,049","168,173","213,811","-141,791","403,975","19,57",96530,"408,64",,,,,,,,,,,,,,"0,092","0,965","0,01156412884329544","-0,02131657805056901","-0,006923368995238377","-2,216756184658185","-6,1720986406895895","-1,6857318838015627"
1900-01-01 09:06:44.895,COM12,2024-09-20 13:51:49.704,"-0,02","-0,014","0,999","0,0","0,0","0,0","-0,917","1,044","168,173","213,811","-141,791","403,962","19,55",96530,"408,64",,,,,,,,,,,,,,"0,108","0,965","0,010901659274768244","-0,02030331445529858","-0,006925341269436558","-2,2293409775379387","-6,237957797466196","-1,702867960520443"
1900-01-01 09:06:44.989,COM12,2024-09-20 13:51:49.804,"-0,019","-0,014","0,999","0,0","0,0","0,0","-0,917","1,038","168,173","213,811","-141,778","403,975","19,54",96529,"408,72",,,,,,,,,,,,,,"0,094","0,966","0,01970646184502295","-0,0200928233609413","-0,006944002754583067","-2,240120282080862","-6,295457196329348","-1,7178440511692896"
1900-01-01 09:06:45.096,COM12,2024-09-20 13:51:49.904,"-0,02","-0,014","0,999","0,0","0,0","0,0","-0,917","1,038","168,173","213,837","-141,778","403,962","19,58",96529,"408,72",,,,,,,,,,,,,,"0,107","0,965","0,009896461845022936","-0,0200928233609413","-0,006944002754583067","-2,252277036915717","-6,361138682450787","-1,7349708051783863"
1900-01-01 09:06:45.189,COM12,2024-09-20 13:51:50.004,"-0,019","-0,014","0,999","0,0","0,0","0,0","-0,923","1,033","168,173","213,824","-141,778","403,962","19,58",96530,"408,64",,,,,,,,,,,,,,"0,093","0,966","0,019079030469789704","-0,018911990341612353","-0,0069429798288229705","-2,262678173779703","-6,418389899071082","-1,7499167253178975"
1900-01-01 09:06:45.298,COM12,2024-09-20 13:51:50.104,"-0,02","-0,014","0,999","0,0","0,0","0,0","-0,923","1,027","168,173","213,824","-141,778","403,975","19,55",96529,"408,72",,,,,,,,,,,,,,"0,109","0,965","0,008263831242257408","-0,018701498870793545","-0,0069614441127878735","-2,27477057096603","-6,48571297987607","-1,7675166954741837"
1900-01-01 09:06:45.391,COM12,2024-09-20 13:51:50.204,"-0,02","-0,014","0,999","0,0","0,0","0,0","-0,923","1,022","168,173","213,824","-141,778","403,988","19,55",96529,"408,72",,,,,,,,,,,,,,"0,093","0,965","0,007426163777375677","-0,018526089009832117","-0,0069767488618008855","-2,2850237084822025","-6,543314005734264","-1,782593525673572"
1900-01-01 09:06:45.499,COM12,2024-09-20 13:51:50.304,"-0,019","-0,014","0,999","0,0","0,0","0,0","-0,923","1,022","168,173","213,824","-141,778","404,001","19,55",96529,"408,72",,,,,,,,,,,,,,"0,108","0,966","0,01723616377737569","-0,018526089009832117","-0,0069767488618008855","-2,2967295352415227","-6,610421607936313","-1,8001834794780376"
1900-01-01 09:06:45.591,COM12,2024-09-20 13:51:50.404,"-0,02","-0,014","0,999","0,0","0,0","0,0","-0,928","1,016","168,173","213,811","-141,791","403,988","19,58",96529,"408,72",,,,,,,,,,,,,,"0,092","0,965","0,006596158898434179","-0,0174777457579917","-0,006981190406744275","-2,30664533555499","-6,667735274785562","-1,8152266029959627"
1900-01-01 09:06:45.683,COM12,2024-09-20 13:51:50.504,"-0,02","-0,014","0,999","0,0","0,0","0,0","-0,928","1,016","168,173","213,837","-141,791","404,014","19,54",96529,"408,72",,,,,,,,,,,,,,"0,092","0,965","0,006596158898434179","-0,0174777457579917","-0,006981190406744275","-2,3165053059795415","-6,725196873274906","-1,8303288153094905"
1900-01-01 09:06:45.791,COM12,2024-09-20 13:51:50.604,"-0,019","-0,014","0,999","0,0","0,0","0,0","-0,928","1,011","168,173","213,837","-141,778","404,014","19,62",96529,"408,72",,,,,,,,,,,,,,"0,108","0,966","0,015568489753962994","-0,017302335545319625","-0,006996330825398189","-2,327898463004742","-6,792853607682458","-1,8481391045324662"
1900-01-01 09:06:45.884,COM12,2024-09-20 13:51:50.704,"-0,019","-0,014","0,999","0,0","0,0","0,0","-0,928","1,011","168,173","213,824","-141,804","404,001","19,57",96529,"408,72",,,,,,,,,,,,,,"0,093","0,966","0,015568489753962994","-0,017302335545319625","-0,006996330825398189","-2,3375745852418937","-6,8512632213224265","-1,863536253739782"
1900-01-01 09:06:45.991,COM12,2024-09-20 13:51:50.804,"-0,019","-0,014","0,999","0,0","0,0","0,0","-0,934","1,005","168,173","213,824","-141,804","404,001","19,57",96530,"408,64",,,,,,,,,,,,,,"0,107","0,966","0,014773523535375643","-0,016086423525804708","-0,006997711418142316","-2,348538185959918","-6,9186498534894225","-1,8813313701634296"
1900-01-01 09:06:46.098,COM12,2024-09-20 13:51:50.904,"-0,02","-0,014","0,999","0,0","0,0","0,0","-0,934","1,005","168,173","213,837","-141,804","404,001","19,57",96529,"408,72",,,,,,,,,,,,,,"0,107","0,965","0,00496352353537563","-0,016086423525804708","-0,006997711418142316","-2,359444959296986","-6,986220659119366","-1,8992066033851034"
1900-01-01 09:06:46.191,COM12,2024-09-20 13:51:51.004,"-0,019","-0,014","0,999","0,0","0,0","0,0","-0,934","1,0","168,173","213,837","-141,804","404,001","19,55",96529,"408,72",,,,,,,,,,,,,,"0,093","0,966","0,013935852986799141","-0,015911013019109133","-0,007012687501971371","-2,3688041469862537","-7,045088039111946","-1,9148036737792675"
1900-01-01 09:06:46.286,COM12,2024-09-20 13:51:51.104,"-0,02","-0,014","0,999","0,0","0,0","0,0","-0,934","1,0","168,173","213,824","-141,804","403,988","19,58",96529,"408,72",,,,,,,,,,,,,,"0,095","0,965","0,004125852986799128","-0,015911013019109133","-0,007012687501971371","-2,3783273717058484","-7,105364981158155","-1,9307994545468286"
1900-01-01 09:06:46.394,COM12,2024-09-20 13:51:51.204,"-0,019","-0,014","0,999","0,0","0,0","0,0","-0,934","0,994","168,173","213,837","-141,804","403,988","19,57",96529,"408,72",,,,,,,,,,,,,,"0,108","0,966","0,012930646644780691","-0,015700520058497466","-0,007030560216877646","-2,3890029514825017","-7,174073477718756","-1,9490661360843202"
1900-01-01 09:06:46.487,COM12,2024-09-20 13:51:51.304,"-0,02","-0,014","0,998","0,0","0,0","0,0","-0,939","0,994","168,173","213,837","-141,791","404,001","19,55",96529,"408,72",,,,,,,,,,,,,,"0,093","0,964","0,0032958463027883966","-0,01486267211771547","-0,01682657024530876","-2,398167306071058","-7,233367674785975","-1,9649413115254342"
1900-01-01 09:06:46.595,COM12,2024-09-20 13:51:51.404,"-0,019","-0,014","0,999","0,0","0,0","0,0","-0,939","0,989","168,173","213,824","-141,817","404,001","19,58",96530,"408,64",,,,,,,,,,,,,,"0,108","0,966","0,012268174150424471","-0,014687261275182398","-0,0070313819983951475","-2,408666686384156","-7,302396764240839","-1,983459013174099"
1900-01-01 09:06:46.687,COM12,2024-09-20 13:51:51.504,"-0,019","-0,014","0,999","0,0","0,0","0,0","-0,939","0,989","168,173","213,811","-141,895","403,988","19,57",96529,"408,72",,,,,,,,,,,,,,"0,092","0,966","0,012268174150424471","-0,014687261275182398","-0,0070313819983951475","-2,4175067651211557","-7,361323634904045","-1,9992928652327888"
1900-01-01 09:06:46.795,COM12,2024-09-20 13:51:51.604,"-0,02","-0,014","0,999","0,0","0,0","0,0","-0,939","0,989","168,173","213,772","-141,973","403,988","19,60",96529,"408,72",,,,,,,,,,,,,,"0,108","0,965","0,002458174150424458","-0,014687261275182398","-0,0070313819983951475","-2,427855576712604","-7,430669969202453","-2,017962444732619"
1900-01-01 09:06:46.887,COM12,2024-09-20 13:51:51.704,"-0,019","-0,014","0,999","0,0","0,0","0,0","-0,939","0,983","168,173","213,759","-141,986","403,988","19,60",96529,"408,72",,,,,,,,,,,,,,"0,092","0,966","0,011262965902388788","-0,014476767915445499","-0,007049057516224977","-2,4365759012878474","-7,489865303857326","-2,033925823825662"
1900-01-01 09:06:46.996,COM12,2024-09-20 13:51:51.804,"-0,019","-0,013","0,999","0,0","0,0","0,0","-0,939","0,983","168,173","213,746","-142,012","403,988","19,55",96529,"408,72",,,,,,,,,,,,,,"0,109","0,967","0,011262965902388788","-0,0046667679154454855","-0,007049057516224977","-2,4467737748888907","-7,5600543527419415","-2,0529227076034653"
1900-01-01 09:06:47.088,COM12,2024-09-20 13:51:51.904,"-0,019","-0,013","0,999","0,0","0,0","0,0","-0,939","0,978","168,173","213,720","-142,025","403,988","19,60",96529,"408,72",,,,,,,,,,,,,,"0,092","0,967","0,010425290982178204","-0,0044913564933177635","-0,007063704959387351","-2,4552929147791915","-7,61933450058683","-2,0690165618440575"
1900-01-01 09:06:47.197,COM12,2024-09-20 13:51:52.004,"-0,02","-0,014","0,999","0,0","0,0","0,0","-0,939","0,978","168,173","213,720","-142,025","403,988","19,54",96529,"408,72",,,,,,,,,,,,,,"0,109","0,965","0,0006152909821781904","-0,014301356493317777","-0,007063704959387351","-2,4653789332901064","-7,689738503210858","-2,088168204333816"
1900-01-01 09:06:47.291,COM12,2024-09-20 13:51:52.104,"-0,02","-0,015","0,999","0,0","0,0","0,0","-0,939","0,978","168,173","213,694","-142,077","403,988","19,57",96529,"408,72",,,,,,,,,,,,,,"0,094","0,964","0,0006152909821781904","-0,024111356493317762","-0,007063704959387351","-2,4740715308911527","-7,750666929566545","-2,1047467145889778"
1900-01-01 09:06:47.386,COM12,2024-09-20 13:51:52.204,"-0,023","-0,014","0,999","0,0","0,0","0,366","-0,945","0,978","168,195","213,122","-142,922","403,767","19,60",96529,"408,72",,,,,,,,,,,,,,"0,095","0,962","-0,028652110840635292","-0,013220297934877723","-0,0070468183266374496","-2,4831151882351","-7,812362843859559","-2,1215651895099112"
1900-01-01 09:06:47.492,COM12,2024-09-20 13:51:52.304,"-0,025","-0,033","0,999","0,061","0,061","0,916","-0,961","0,978","168,283","210,938","-145,990","402,805","19,63",96530,"408,64",,,,,,,,,,,,,,"0,106","0,941","-0,04790749035192776","-0,19662573586205528","-0,007001261514366419","-2,493744294464678","-7,883411782365174","-2,1404097329644864"
1900-01-01 09:06:47.585,COM12,2024-09-20 13:51:52.404,"-0,024","-0,049","0,999","0,0","0,0","0,366","-1,005","0,983","168,322","205,894","-153,218","398,905","19,58",96530,"408,64",,,,,,,,,,,,,,"0,093","0,9259999999999999","-0,03582345274770826","-0,34624770753397016","-0,0068573897121329","-2,5033796681051412","-7,948741868231241","-2,1570024627288187"
1900-01-01 09:06:47.691,COM12,2024-09-20 13:51:52.504,"-0,019","-0,032","1,0","0,061","0,0","0,061","-1,071","1,011","168,338","195,377","-166,933","388,570","19,62",96530,"408,64",,,,,,,,,,,,,,"0,106","0,949","0,0201629771417631","-0,169324785503353","0,0032406937062781083","-2,5141353707207412","-8,025106649927642","-2,1758781938966925"
1900-01-01 09:06:47.783,COM12,2024-09-20 13:51:52.604,"-0,021","-0,017","1,0","0,244","0,061","0,0","-1,11","1,005","168,333","180,284","-181,740","371,332","19,62",96531,"408,55",,,,,,,,,,,,,,"0,092","0,962","0,0008977591834969378","-0,01544637404964519","0,003349688123936545","-2,523462910206212","-8,091516255170323","-2,1922325522066415"
1900-01-01 09:06:47.891,COM12,2024-09-20 13:51:52.704,"-0,024","-0,026","0,999","0,183","0,061","0,0","-1,11","1,011","168,338","162,552","-194,168","348,751","19,55",96531,"408,55",,,,,,,,,,,,,,"0,108","0,949","-0,027539697226285492","-0,10392590374997379","-0,006442242980117641","-2,534733853500212","-8,170687548718288","-2,2115062890665276"
1900-01-01 09:06:47.985,COM12,2024-09-20 13:51:52.804,"-0,021","-0,031","0,998","0,488","0,0","0,793","-1,121","1,038","168,354","144,118","-206,206","320,177","19,58",96531,"408,55",,,,,,,,,,,,,,"0,094","0,946","0,006753667514693029","-0,15200632081665463","-0,0161329425583574","-2,5444840731832743","-8,240939024657067","-2,2284241292361333"
1900-01-01 09:06:48.095,COM12,2024-09-20 13:51:52.904,"-0,028","-0,019","0,997","0,305","-0,244","1,709","-1,132","1,049","168,497","126,789","-219,141","288,743","19,57",96531,"408,55",,,,,,,,,,,,,,"0,11","0,95","-0,060076875578851885","-0,03228589001351656","-0,02587162896378814","-2,556620834921788","-8,323538857897143","-2,248534648485496"
1900-01-01 09:06:48.188,COM12,2024-09-20 13:51:53.004,"-0,019","-0,045","0,997","0,061","0,0","1,526","-1,121","1,055","168,602","109,577","-234,117","254,215","19,57",96531,"408,55",,,,,,,,,,,,,,"0,093","0,933","0,02856556774020208","-0,28900183151122016","-0,025889792393069655","-2,5666348517053277","-8,395872839204493","-2,265761099210728"
1900-01-01 09:06:48.282,COM12,2024-09-20 13:51:53.104,"-0,021","-0,013","0,999","0,061","0,0","0,427","-1,121","1,049","168,717","88,530","-249,067","206,752","19,58",96531,"408,55",,,,,,,,,,,,,,"0,094","0,965","0,007632068572477418","0,025550228983901108","-0,00628864985338673","-2,5766891091307844","-8,468758843433783","-2,283228347099024"
1900-01-01 09:06:48.390,COM12,2024-09-20 13:51:53.204,"-0,028","-0,017","0,999","0,244","-0,061","1,038","-1,093","1,06","168,821","61,061","-261,157","131,430","19,60",96530,"408,64",,,,,,,,,,,,,,"0,108","0,954","-0,060396757195234824","-0,018369805152000873","-0,006346599331189751","-2,588945276927447","-8,552714475402386","-2,303371126726559"
1900-01-01 09:06:48.485,COM12,2024-09-20 13:51:53.304,"-0,022","-0,043","0,997","0,244","0,0","0,61","-1,077","1,06","168,915","27,144","-264,602","16,991","19,57",96530,"408,64",,,,,,,,,,,,,,"0,095","0,9319999999999999","-0,0023061801954933625","-0,27576651099995175","-0,026018464187412604","-2,5997469785433682","-8,629053129618024","-2,32132412914933"
1900-01-01 09:06:48.596,COM12,2024-09-20 13:51:53.404,"-0,023","-0,032","0,998","-0,061","-0,061","-0,183","-1,077","1,06","168,959","-8,125","-264,667","-110,513","19,60",96530,"408,64",,,,,,,,,,,,,,"0,111","0,943","-0,012228411850413262","-0,16769258724297723","-0,01620846418741273","-2,612518580378064","-8,72031496070056","-2,3425004996252947"
1900-01-01 09:06:48.690,COM12,2024-09-20 13:51:53.504,"-0,02","-0,028","0,999","0,427","0,122","-0,061","-1,055","1,066","168,959","-44,902","-258,713","-232,310","19,57",96530,"408,64",,,,,,,,,,,,,,"0,094","0,951","0,017489547587863058","-0,13234591639617205","-0,006449474656767151","-2,623179633478473","-8,79876916310755","-2,3604906297485932"
1900-01-01 09:06:48.782,COM12,2024-09-20 13:51:53.604,"-0,017","-0,013","0,998","0,549","0,122","0,061","-1,049","1,066","168,964","-94,666","-231,777","-353,327","19,60",96529,"408,72",,,,,,,,,,,,,,"0,092","0,968","0,04671085152660398","0,013814530750843157","-0,016278332462608347","-2,633218495014531","-8,875437200977181","-2,378235770951828"
1900-01-01 09:06:48.890,COM12,2024-09-20 13:51:53.704,"-0,019","0,002","0,999","0,122","-0,122","0,122","-1,033","1,077","168,959","-149,344","-165,503","256,178","19,60",96530,"408,64",,,,,,,,,,,,,,"0,108","0,982","0,028427441746171483","0,15789683670643448","-0,0064828803989431805","-2,6446716678328546","-8,963597101946883","-2,3991426399856417"
1900-01-01 09:06:48.983,COM12,2024-09-20 13:51:53.804,"-0,02","0,0","1,0","0,244","0,122","-0,244","-0,983","1,066","168,953","-183,456","-62,257","376,740","19,58",96532,"408,47",,,,,,,,,,,,,,"0,093","0,98","0,015146683799002886","0,13021365497072854","0,003141329492592604","-2,654403118536011","-9,038386354324507","-2,4171186078504223"
1900-01-01 09:06:49.092,COM12,2024-09-20 13:51:53.904,"-0,021","-0,011","1,0","0,183","-0,122","-0,366","-0,939","1,044","168,948","-182,325","36,439","400,179","19,57",96532,"408,47",,,,,,,,,,,,,,"0,109","0,968","0,00021059194718528462","0,015613851012394167","0,002945655004861436","-2,6658062952742054","-9,12585706668924","-2,4381522180207402"
1900-01-01 09:06:49.187,COM12,2024-09-20 13:51:54.004,"-0,016","-0,001","0,999","0,244","-0,183","-1,953","-0,879","1,038","168,788","-156,767","116,402","389,116","19,60",96532,"408,47",,,,,,,,,,,,,,"0,095","0,982","0,046603004413249716","0,10326093451943215","-0,007045954487947981","-2,6753242516926643","-9,201161078724466","-2,4565478533212803"
1900-01-01 09:06:49.296,COM12,2024-09-20 13:51:54.104,"-0,014","0,013","0,998","0,0","-0,305","-2,014","-0,818","1,027","168,646","-120,783","170,326","391,963","19,57",96532,"408,47",,,,,,,,,,,,,,"0,109","0,997","0,06260338740343457","0,23022751345232245","-0,017044527497743545","-2,6855010634744194","-9,284827191024924","-2,4778569303815217"
1900-01-01 09:06:49.388,COM12,2024-09-20 13:51:54.204,"-0,016","0,016","1,0","-0,122","-0,244","-1,221","-0,764","0,961","168,481","-82,654","197,613","123,149","19,60",96532,"408,47",,,,,,,,,,,,,,"0,092","1,0","0,03036436834909087","0,25227826538618964","0,0022518379953098133","-2,693833662065497","-9,353309176884329","-2,4958235138480522"
1900-01-01 09:06:49.497,COM12,2024-09-20 13:51:54.304,"-0,019","0,006","0,999","0,0","-0,061","0,061","-0,665","0,934","168,453","-47,606","203,853","-327,236","19,58",96530,"408,64",,,,,,,,,,,,,,"0,109","0,986","-0,006936704732288829","0,13840506950763964","-0,007845944914484093","-2,7037883949503714","-9,432801052108674","-2,5172032271484057"
1900-01-01 09:06:49.591,COM12,2024-09-20 13:51:54.404,"-0,02","-0,013","0,999","0,061","0,0","0,183","-0,604","0,906","168,453","-17,459","198,666","-336,284","19,55",96529,"408,72",,,,,,,,,,,,,,"0,094","0,966","-0,02353154345989894","-0,05725806209711276","-0,008038558657238681","-2,7125811351837794","-9,501859610685626","-2,535711806772272"
1900-01-01 09:06:49.683,COM12,2024-09-20 13:51:54.504,"-0,015","-0,011","1,0","-0,122","-0,366","-0,122","-0,588","0,884","168,448","8,112","184,379","-281,268","19,58",96529,"408,72",,,,,,,,,,,,,,"0,092","0,974","0,021286638116443934","-0,0395828609109459","0,0016841149459327909","-2,721006625732736","-9,569783867563775","-2,5538123324807707"
1900-01-01 09:06:49.790,COM12,2024-09-20 13:51:54.604,"-0,013","0,01","0,999","-0,122","0,0","-0,061","-0,577","0,862","168,442","30,966","167,531","-212,186","19,60",96529,"408,72",,,,,,,,,,,,,,"0,107","0,996","0,03684697372184831","0,16531892533365067","-0,008202418056438177","-2,7303839765647067","-9,646889995165477","-2,5749579403434613"
1900-01-01 09:06:49.885,COM12,2024-09-20 13:51:54.704,"-0,012","0,013","0,999","0,061","-0,061","-0,122","-0,538","0,818","168,426","47,203","149,565","-153,920","19,62",96529,"408,72",,,,,,,,,,,,,,"0,095","1,0","0,03795780245029605","0,18967270559918753","-0,008377821347062664","-2,7383670927156976","-9,713636910419517","-2,5938076880031335"
1900-01-01 09:06:49.994,COM12,2024-09-20 13:51:54.804,"-0,018","0,013","0,999","-0,061","-0,122","-0,061","-0,472","0,807","168,431","58,825","134,940","-112,905","19,63",96529,"408,72",,,,,,,,,,,,,,"0,109","0,994","-0,025017266676106736","0,17899336376401492","-0,008504115939057755","-2,747823898234319","-9,788093593029798","-2,615536330614124"
1900-01-01 09:06:50.087,COM12,2024-09-20 13:51:54.904,"-0,02","-0,005","0,999","-0,122","-0,244","-0,183","-0,417","0,786","168,431","66,976","124,761","-85,657","19,63",96529,"408,72",,,,,,,,,,,,,,"0,093","0,974","-0,05004681749043641","-0,006091181661866528","-0,00862714515921148","-2,7563254037389013","-9,851673536969681","-2,6341500638827178"
1900-01-01 09:06:50.194,COM12,2024-09-20 13:51:55.004,"-0,019","-0,02","0,999","-0,122","-0,183","-0,061","-0,401","0,769","168,426","74,451","115,947","-61,451","19,60",96529,"408,72",,,,,,,,,,,,,,"0,107","0,96","-0,04363358975189796","-0,15535377442108872","-0,008686194202322639","-2,766606266740125","-9,926603300629452","-2,6556653127625003"
1900-01-01 09:06:50.288,COM12,2024-09-20 13:51:55.104,"-0,017","-0,006","1,0","-0,061","-0,244","-0,061","-0,423","0,764","168,42","82,667","104,624","-34,047","19,62",96529,"408,72",,,,,,,,,,,,,,"0,094","0,977","-0,02409212347924855","-0,01416682129434075","0,0011394370534194564","-2,7758509309311785","-9,9925546261766","-2,6745564913761313"
1900-01-01 09:06:50.382,COM12,2024-09-20 13:51:55.204,"-0,012","0,0","1,0","0,0","-0,122","0,0","-0,434","0,758","168,42","91,819","89,778","-4,563","19,58",96529,"408,72",,,,,,,,,,,,,,"0,094","0,988","0,02432947219525715","0,046744406138316555","0,0011398772363033771","-2,784880619905915","-10,058092918151111","-2,6934375980345022"
1900-01-01 09:06:50.492,COM12,2024-09-20 13:51:55.304,"-0,012","0,023","1,0","0,0","0,0","0,122","-0,434","0,753","168,415","99,996","74,074","24,739","19,63",96529,"408,72",,,,,,,,,,,,,,"0,11","1,011","0,023495004103477338","0,272533909968226","0,001128589595754903","-2,7951629876671245","-10,131489003768113","-2,7155188541474238"
1900-01-01 09:06:50.585,COM12,2024-09-20 13:51:55.404,"-0,013","0,02","0,998","0,061","0,061","0,122","-0,412","0,742","168,415","106,912","59,449","49,556","19,62",96529,"408,72",,,,,,,,,,,,,,"0,093","1,005","0,011084123063754253","0,23979208685558195","-0,018543786779607885","-2,8037603956484958","-10,191468096212365","-2,734347937709296"
1900-01-01 09:06:50.695,COM12,2024-09-20 13:51:55.504,"-0,017","-0,001","1,0","-0,244","0,244","0,0","-0,313","0,703","168,151","109,473","53,053","59,618","19,57",96529,"408,72",,,,,,,,,,,,,,"0,11","0,982","-0,03797010900477721","0,017924675325027187","0,0008847811913117454","-2,814388811149721","-10,262194220209402","-2,7566081909085582"
1900-01-01 09:06:50.789,COM12,2024-09-20 13:51:55.604,"-0,015","-0,006","0,999","-0,183","-0,122","-0,061","-0,313","0,709","168,151","109,707","52,312","60,853","19,58",96529,"408,72",,,,,,,,,,,,,,"0,094","0,978","-0,017344789112593684","-0,03133624438742123","-0,008912560892278876","-2,823624533861912","-10,322909795044096","-2,775709340485063"
1900-01-01 09:06:50.881,COM12,2024-09-20 13:51:55.704,"-0,016","-0,004","1,0","0,0","0,0","0,0","-0,313","0,698","168,146","109,733","52,234","61,022","19,58",96529,"408,72",,,,,,,,,,,,,,"0,092","0,98","-0,028995441410546358","-0,011340724948925063","0,0008743150983825387","-2,832909169251645","-10,382429537033593","-2,7943966824207767"
1900-01-01 09:06:50.991,COM12,2024-09-20 13:51:55.804,"-0,017","-0,004","1,0","-0,061","-0,122","0,0","-0,319","0,703","168,146","109,759","52,208","61,061","19,60",96529,"408,72",,,,,,,,,,,,,,"0,11","0,979","-0,03775673381964695","-0,010511172895038917","0,000890446547014534","-2,844467220218587","-10,45372163112611","-2,81672946902765"
1900-01-01 09:06:51.084,COM12,2024-09-20 13:51:55.904,"-0,016","-0,004","0,998","-0,061","0,0","0,0","-0,33","0,698","168,146","109,759","52,208","61,074","19,66",96529,"408,72",,,,,,,,,,,,,,"0,093","0,978","-0,028397736814373714","-0,008492115978093677","-0,01872935366268358","-2,8544846389708907","-10,514069304442694","-2,8357728151569264"
1900-01-01 09:06:51.193,COM12,2024-09-20 13:51:56.004,"-0,017","-0,004","1,0","-0,061","-0,183","0,0","-0,341","0,698","168,146","109,759","52,208","61,061","19,62",96529,"408,72",,,,,,,,,,,,,,"0,109","0,979","-0,03782099280925236","-0,006648899835427387","0,0009016737655951346","-2,866674835820878","-10,58487836874753","-2,85808172310308"
1900-01-01 09:06:51.282,COM12,2024-09-20 13:51:56.104,"-0,017","-0,003","1,0","0,0","0,0","0,0","-0,352","0,692","168,146","109,759","52,208","61,087","19,60",96529,"408,72",,,,,,,,,,,,,,"0,089","0,98","-0,038439553427842665","0,005215322210121411","0,0009006020872863729","-2,876932779006597","-10,642653633621867","-2,8762901197753012"
1900-01-01 09:06:51.382,COM12,2024-09-20 13:51:56.204,"-0,016","-0,004","0,999","0,0","-0,061","0,0","-0,357","0,692","168,146","109,785","52,208","61,087","19,60",96529,"408,72",,,,,,,,,,,,,,"0,1","0,979","-0,028453763890905648","-0,0037568533459343897","-0,008904101576586498","-2,888743095505865","-10,707607230104019","-2,896838033456484"
1900-01-01 09:06:51.488,COM12,2024-09-20 13:51:56.304,"-0,015","-0,004","1,0","-0,061","-0,061","0,0","-0,363","0,687","168,146","109,772","52,195","61,113","19,62",96529,"408,72",,,,,,,,,,,,,,"0,106","0,981","-0,019270567599060262","-0,0025756251236661865","0,0009020509333410587","-2,9014785550926314","-10,776486982098989","-2,918608686514251"
1900-01-01 09:06:51.582,COM12,2024-09-20 13:51:56.404,"-0,017","-0,004","0,999","0,0","-0,061","0,0","-0,374","0,692","168,146","109,785","52,195","61,113","19,60",96529,"408,72",,,,,,,,,,,,,,"0,094","0,978","-0,037666086793490094","-0,0009082522959471193","-0,00888553527409286","-2,913105082080407","-10,837577051638231","-2,9379932499287453"
1900-01-01 09:06:51.691,COM12,2024-09-20 13:51:56.504,"-0,016","-0,004","0,999","-0,061","0,0","0,0","-0,379","0,692","168,146","109,798","52,195","61,113","19,60",96529,"408,72",,,,,,,,,,,,,,"0,109","0,979","-0,027680301572542754","-7,042908869456938e-05","-0,00887991025597401","-2,926915775590918","-10,908416373297483","-2,9605765969529205"
1900-01-01 09:06:51.783,COM12,2024-09-20 13:51:56.604,"-0,016","-0,004","0,999","-0,061","0,0","0,0","-0,39","0,692","168,146","109,772","52,221","61,087","19,60",96529,"408,72",,,,,,,,,,,,,,"0,092","0,979","-0,02729357755385803","0,0017727809082848933","-0,008867272270979498","-2,9388035205686456","-10,968192355568418","-2,9797128231805057"
1900-01-01 09:06:51.891,COM12,2024-09-20 13:51:56.704,"-0,017","-0,004","0,999","-0,122","-0,122","0,0","-0,396","0,692","168,146","109,772","52,234","61,048","19,63",96529,"408,72",,,,,,,,,,,,,,"0,108","0,978","-0,03689263919355093","0,0027781675465496716","-0,0088602264360933","-2,9531890151990967","-11,03833175629673","-3,0022804344331693"
1900-01-01 09:06:51.984,COM12,2024-09-20 13:51:56.804,"-0,016","-0,004","0,999","-0,061","-0,122","0,0","-0,401","0,692","168,146","109,785","52,247","61,035","19,60",96529,"408,72",,,,,,,,,,,,,,"0,093","0,979","-0,026906858314510063","0,003615989393586254","-0,008854272736810387","-2,96580924188177","-11,09869829889829","-3,0217902358389748"
1900-01-01 09:06:52.093,COM12,2024-09-20 13:51:56.904,"-0,016","-0,004","0,999","-0,122","-0,061","0,0","-0,406","0,692","168,146","109,772","52,234","61,035","19,60",96529,"408,72",,,,,,,,,,,,,,"0,109","0,979","-0,026731078425880545","0,004453810914255792","-0,008848244337384514","-2,980918282302089","-11,16939756751028","-3,0447616882087947"
1900-01-01 09:06:52.185,COM12,2024-09-20 13:51:57.004,"-0,016","-0,004","0,999","-0,061","0,0","0,0","-0,412","0,698","168,146","109,772","52,234","61,048","19,62",96529,"408,72",,,,,,,,,,,,,,"0,092","0,979","-0,025514851016849194","0,005248190668355676","-0,008828451083667588","-2,993886824576044","-11,229025924001556","-3,0642251610079727"
1900-01-01 09:06:52.294,COM12,2024-09-20 13:51:57.104,"-0,016","-0,004","0,999","0,0","0,0","0,0","-0,412","0,698","168,146","109,785","52,234","61,074","19,62",96529,"408,72",,,,,,,,,,,,,,"0,109","0,979","-0,025514851016849194","0,005248190668355676","-0,008828451083667588","-3,0095548698672916","-11,299610210004193","-3,0873900359125845"
1900-01-01 09:06:52.385,COM12,2024-09-20 13:51:57.204,"-0,016","-0,004","0,999","0,0","0,0","0,0","-0,412","0,698","168,146","109,772","52,234","61,061","19,60",96529,"408,72",,,,,,,,,,,,,,"0,091","0,979","-0,025514851016849194","0,005248190668355676","-0,008828451083667588","-3,022846820013732","-11,358494915115617","-3,1068026270345377"
1900-01-01 09:06:52.492,COM12,2024-09-20 13:51:57.304,"-0,016","-0,004","0,999","0,0","0,0","0,0","-0,412","0,703","168,146","109,772","52,247","61,061","19,63",96529,"408,72",,,,,,,,,,,,,,"0,107","0,979","-0,024677107952855992","0,005072352848134176","-0,008817985105155302","-3,0387583445487185","-11,42767490160415","-3,1297293781025886"
1900-01-01 09:06:52.584,COM12,2024-09-20 13:51:57.404,"-0,016","-0,005","0,998","0,0","0,0","0,0","-0,412","0,709","168,146","109,772","52,234","61,048","19,63",96529,"408,72",,,,,,,,,,,,,,"0,092","0,977","-0,02367181746072014","-0,004948652287478601","-0,018615327327120568","-3,0526396397950593","-11,487198644538651","-3,1495996587775776"
1900-01-01 09:06:52.693,COM12,2024-09-20 13:51:57.504,"-0,016","-0,004","0,999","0,0","0,0","0,0","-0,412","0,709","168,146","109,772","52,247","61,035","19,60",96529,"408,72",,,,,,,,,,,,,,"0,109","0,979","-0,02367181746072014","0,004861347712521398","-0,008805327327120693","-3,069367201852344","-11,557663582299748","-3,17324623784518"
1900-01-01 09:06:52.787,COM12,2024-09-20 13:51:57.604,"-0,016","-0,004","0,999","0,0","0,0","0,0","-0,412","0,714","168,146","109,772","52,247","61,035","19,63",96529,"408,72",,,,,,,,,,,,,,"0,094","0,979","-0,02283407637863924","0,004685510308292763","-0,008794697009005148","-3,0839945677272325","-11,618390109108123","-3,1937164104701035"
