Time,Device name,Chip Time(),Acceleration X(g),Acceleration Y(g),Acceleration Z(g),Angular velocity X(°/s),Angular velocity Y(°/s),Angular velocity Z(°/s),Angle X(°),Angle Y(°),Angle Z(°),Magnetic field X(ʯt),Magnetic field Y(ʯt),Magnetic field Z(ʯt),Temperature(℃),Pressure(Pa),Height(m),Longitude(),Latitude(),GPS ground speed(km),Angle of course(°),GPS height(m),Number of satellites(),Position location(),Horizontal position(),Vertical position(),Quaternions 0(),Quaternions 1(),Quaternions 2(),Quaternions 3(),Delta_t,Velocity X(m/s),Velocity Y(m/s),Velocity Z(m/s),Position X(m),Position Y(m),Position Z(m)
1900-01-01 05:11:18.625,COM12,,"-0,021","0,017","1,008","0,0","0,0","0,0","0,851","1,044","0,665","69,758","45,968","98,332","18,35",96787,"386,73",,,,,,,,,,,,,,,"0,0","0,0","0,0","0,0","0,0","0,0"
1900-01-01 05:11:18.720,COM12,,"-0,021","0,016","1,008","0,0","0,0","0,0","0,846","1,044","0,665","69,758","45,968","98,345","18,34",96787,"386,73",,,,,,,,,,,,,,"0,095","-0,0002508937406702139","-0,00014785592164972563","-0,8363054007879663","-2,3834905363670318e-05","-3,788121792039425e-05","-0,0794868942927772"
1900-01-01 05:11:18.820,COM12,,"-0,021","0,017","1,008","0,0","0,0","0,0","0,846","1,049","0,665","69,732","45,955","98,332","18,35",96787,"386,73",,,,,,,,,,,,,,"0,1","-0,0002564332876335373","-4,788761932800065e-05","-0,8802122255216692","-2,564332876335373e-05","-3,0432090696153796e-05","-0,08805165464286309"
1900-01-01 05:11:18.919,COM12,,"-0,021","0,016","1,008","0,0","0,0","0,0","0,84","1,049","0,665","69,745","45,955","98,332","18,37",96787,"386,73",,,,,,,,,,,,,,"0,099","-0,0002528683507642158","-0,00013494019398744818","-0,8714991083089138","-2,5033966725657366e-05","-3,8393045930414735e-05","-0,08631680476851288"
1900-01-01 05:11:19.019,COM12,,"-0,022","0,017","1,009","0,0","0,0","0,0","0,84","1,049","0,665","69,745","45,955","98,332","18,35",96788,"386,65",,,,,,,,,,,,,,"0,1","-0,00035468529543036787","-0,00013818821801610606","-0,8802007455747797","-3,546852954303679e-05","-4,928735134464739e-05","-0,08806936190882261"
1900-01-01 05:11:19.119,COM12,,"-0,022","0,017","1,008","0,0","0,0","0,0","0,835","1,055","0,665","69,745","45,955","98,332","18,39",96787,"386,73",,,,,,,,,,,,,,"0,1","-0,0003460762439574624","-0,000119214838085903","-0,8802817279339793","-3,4607624395746244e-05","-4,6529108204336544e-05","-0,08807470190160227"
1900-01-01 05:11:19.219,COM12,,"-0,021","0,017","1,008","0,0","0,0","0,0","0,835","1,055","0,665","69,745","45,942","98,332","18,39",96787,"386,73",,,,,,,,,,,,,,"0,1","-0,00024609993007321896","-1,807810305352509e-05","-0,8801824324172605","-2,46099930073219e-05","-2,6417803312674408e-05","-0,08804466104503873"
1900-01-01 05:11:19.319,COM12,,"-0,022","0,016","1,008","0,0","0,0","0,0","0,829","1,055","0,665","69,745","45,955","98,332","18,37",96787,"386,73",,,,,,,,,,,,,,"0,1","-0,00034506536930640916","-0,00020763056374835428","-0,8803716149663185","-3,450653693064092e-05","-5,5269593305476345e-05","-0,08809243108993733"
1900-01-01 05:11:19.419,COM12,,"-0,021","0,016","1,008","0,0","0,0","0,0","0,829","1,06","0,665","69,758","45,955","98,332","18,39",96787,"386,73",,,,,,,,,,,,,,"0,1","-0,0002362902054763974","-9,759285086451114e-05","-0,8802633976094556","-2,362902054763974e-05","-3,338830563409086e-05","-0,08805972806657966"
1900-01-01 05:11:19.520,COM12,,"-0,021","0,017","1,008","0,0","0,0","0,0","0,829","1,06","0,665","69,745","45,955","98,332","18,39",96787,"386,73",,,,,,,,,,,,,,"0,101","-0,0002397981775823305","1,269090521601856e-06","-0,8889647326699835","-2,4219615935815382e-05","-2,4091437793133594e-05","-0,08980952943746148"
1900-01-01 05:11:19.619,COM12,,"-0,022","0,017","1,008","0,0","0,0","0,0","0,824","1,06","0,665","69,745","45,955","98,332","18,35",96787,"386,73",,,,,,,,,,,,,,"0,099","-0,00033412756939973714","-9,027360950865875e-05","-0,8714511779959874","-3,307862937057398e-05","-4,2015716711931194e-05","-0,08631568233831469"
1900-01-01 05:11:19.719,COM12,,"-0,021","0,017","1,008","0,0","0,0","0,0","0,824","1,06","0,665","69,758","45,968","98,332","18,37",96787,"386,73",,,,,,,,,,,,,,"0,1","-0,00023752644251549455","9,951107966489088e-06","-0,8801544285188188","-2,3752644251549457e-05","-2,275753345490055e-05","-0,08803820038533679"
1900-01-01 05:11:19.820,COM12,,"-0,021","0,017","1,008","0,0","0,0","0,0","0,824","1,06","0,665","69,758","45,955","98,332","18,35",96787,"386,73",,,,,,,,,,,,,,"0,101","-0,00023990170694064949","1,0050619046153992e-05","-0,888955972804007","-2,42300724010056e-05","-2,3214959877344047e-05","-0,08980776821308205"
1900-01-01 05:11:19.919,COM12,,"-0,021","0,017","1,008","0,0","0,0","0,0","0,818","1,066","0,665","69,758","45,955","98,332","18,37",96787,"386,73",,,,,,,,,,,,,,"0,099","-0,00022481979071802528","3,0755250580661214e-05","-0,8713319832851281","-2,2257159281084504e-05","-1,9212389473599044e-05","-0,08628107873470128"
1900-01-01 05:11:20.019,COM12,,"-0,021","0,016","1,008","0,0","0,0","0,0","0,818","1,066","0,665","69,745","45,942","98,332","18,35",96787,"386,73",,,,,,,,,,,,,,"0,1","-0,00022595675613088027","-6,778353113859865e-05","-0,8802335932741864","-2,2595675613088027e-05","-2,937402872694789e-05","-0,0880527333561456"
1900-01-01 05:11:20.119,COM12,,"-0,021","0,017","1,007","0,0","0,0","0,0","0,818","1,066","0,665","69,745","45,955","98,345","18,39",96787,"386,73",,,,,,,,,,,,,,"0,1","-0,00022896736578923316","3,0595186162129726e-05","-0,880233759676543","-2,289673657892332e-05","-1,9837217962710347e-05","-0,08804321318561702"
1900-01-01 05:11:20.219,COM12,,"-0,021","0,017","1,007","0,0","0,0","0,0","0,818","1,066","0,665","69,758","45,942","98,345","18,35",96787,"386,73",,,,,,,,,,,,,,"0,1","-0,00022896736578923316","3,0595186162129726e-05","-0,880233759676543","-2,289673657892332e-05","-1,9837217962710347e-05","-0,08804321318561702"
1900-01-01 05:11:20.319,COM12,,"-0,022","0,016","1,006","0,0","0,0","0,0","0,818","1,066","0,665","69,745","45,955","98,345","18,39",96787,"386,73",,,,,,,,,,,,,,"0,1","-0,00032968605089641186","-0,00016986135377032325","-0,8805337556899777","-3,296860508964119e-05","-4,995474046667351e-05","-0,08810333030946446"
1900-01-01 05:11:20.419,COM12,,"-0,022","0,017","1,008","0,0","0,0","0,0","0,818","1,066","0,665","69,758","45,942","98,358","18,39",96787,"386,73",,,,,,,,,,,,,,"0,1","-0,0003270666562719908","-7,007046592367745e-05","-0,8802325924115787","-3,270666562719908e-05","-3,971371221956682e-05","-0,08806297295337745"
1900-01-01 05:11:20.519,COM12,,"-0,021","0,016","1,007","0,0","0,0","0,0","0,813","1,071","0,665","69,758","45,929","98,371","18,37",96787,"386,73",,,,,,,,,,,,,,"0,1","-0,00021914557309225347","-5,067614204075992e-05","-0,8803164535894813","-2,1914557309225347e-05","-2,6982171513301337e-05","-0,08805862753046144"
1900-01-01 05:11:20.619,COM12,,"-0,019","0,017","1,009","0,0","0,0","0,0","0,813","1,071","0,665","69,758","45,903","98,371","18,39",96787,"386,73",,,,,,,,,,,,,,"0,1","-1,6557377328349604e-05","0,00025142215387742914","-0,8798167299841911","-1,6557377328349604e-06","2,3486477654907955e-05","-0,08795818652076422"
1900-01-01 05:11:20.719,COM12,,"-0,021","0,017","1,01","0,0","0,0","0,0","0,813","1,071","0,665","69,758","45,903","98,384","18,39",96787,"386,73",,,,,,,,,,,,,,"0,1","-0,00021462367624455335","4,9637906568134906e-05","-0,87991480348908","-2,1462367624455338e-05","-1,6498576967641846e-05","-0,08800797892587565"
1900-01-01 05:11:20.820,COM12,,"-0,022","0,017","1,009","0,0","0,0","0,0","0,813","1,071","0,665","69,745","45,929","98,358","18,39",96787,"386,73",,,,,,,,,,,,,,"0,101","-0,0003196496125439585","-5,250634388637122e-05","-0,8889156765128455","-3,2284610866939814e-05","-3,758775159946331e-05","-0,08981807107939688"
1900-01-01 05:11:20.920,COM12,,"-0,023","0,044","1,008","0,0","0,0","0,0","0,818","1,071","0,665","69,524","46,709","97,773","18,37",96787,"386,73",,,,,,,,,,,,,,"0,1","-0,00044885637286037314","0,002506632896905146","-0,8776154527157879","-4,488563728603732e-05","0,0002057776524044773","-0,08755576761917432"
1900-01-01 05:11:21.020,COM12,,"-0,023","0,059","1,007","0,244","0,0","0,0","0,873","1,077","0,665","67,067","54,938","91,897","18,35",96787,"386,73",,,,,,,,,,,,,,"0,1","-0,0004559916596631235","0,003904046056534389","-0,876292322348569","-4,559916596631235e-05","0,00034480543968712655","-0,08728442679516979"
1900-01-01 05:11:21.120,COM12,,"-0,024","0,099","1,007","0,0","-0,061","0,061","0,983","1,077","0,67","58,682","80,249","71,708","18,37",96787,"386,73",,,,,,,,,,,,,,"0,1","-0,0005994082025917314","0,007565100366614568","-0,8725525844853377","-5,9940820259173144e-05","0,0006965692164022836","-0,08655868923213149"
1900-01-01 05:11:21.219,COM12,,"-0,024","0,088","1,007","-0,122","0,122","-0,183","1,159","1,088","0,67","37,830","130,013","18,070","18,37",96787,"386,73",,,,,,,,,,,,,,"0,099","-0,0005578780247143303","0,006129784376954181","-0,8651842800193639","-5,522992444671871e-05","0,0005516187288717452","-0,08510162499304529"
1900-01-01 05:11:21.319,COM12,,"-0,021","0,078","1,006","0,183","0,0","0,183","1,329","1,093","0,676","4,030","178,061","-73,541","18,35",96788,"386,65",,,,,,,,,,,,,,"0,1","-0,00024216930741474083","0,0052200049061144355","-0,8750044226227377","-2,4216930741474086e-05","0,0004977835598699695","-0,0870026587024038"
1900-01-01 05:11:21.419,COM12,,"-0,019","-0,017","1,009","-0,061","0,0","-0,244","1,406","1,11","0,621","-45,643","229,021","-209,872","18,39",96786,"386,82",,,,,,,,,,,,,,"0,1","9,883851133545799e-05","-0,0040755934430516255","-0,8842297985440731","9,8838511335458e-06","-0,0003976754931716168","-0,08882065534757894"
1900-01-01 05:11:21.518,COM12,,"-0,022","-0,004","1,009","-0,549","-0,122","0,0","1,34","1,104","0,61","-100,828","271,752","-336,401","18,35",96786,"386,82",,,,,,,,,,,,,,"0,099","-0,00022457760706574931","-0,002958994207046203","-0,8742711442514322","-2,2233183099509183e-05","-0,0003151736095970833","-0,08686801689048887"
1900-01-01 05:11:21.618,COM12,,"-0,022","0,009","1,009","0,0","0,366","0,0","1,247","1,104","0,61","-148,538","284,284","-13,676","18,39",96781,"387,25",,,,,,,,,,,,,,"0,1","-0,00024179720499226923","-0,0015404982457466868","-0,8816211497058438","-2,4179720499226924e-05","-0,00017822954507389562","-0,08834034451565828"
1900-01-01 05:11:21.718,COM12,,"-0,019","0,075","1,005","-0,183","0,061","0,122","1,241","1,121","0,604","-183,677","255,918","345,475","18,40",96780,"387,33",,,,,,,,,,,,,,"0,1","1,3149232355745512e-05","0,005335211199995069","-0,8750080181210771","1,3149232355745513e-06","0,0005348360432350815","-0,08696596576887264"
1900-01-01 05:11:21.818,COM12,,"-0,022","0,06","1,008","-0,305","0,0","-0,244","1,302","1,121","0,588","-197,795","165,633","380,523","18,35",96781,"387,25",,,,,,,,,,,,,,"0,1","-0,00026342195131556437","0,0034421198501334883","-0,876623844419429","-2,6342195131556437e-05","0,00031786978988179244","-0,08734451465206111"
1900-01-01 05:11:21.918,COM12,,"-0,019","0,012","1,009","-0,305","0,0","0,0","1,307","1,11","0,571","-151,593","-39,936","247,208","18,34",96786,"386,82",,,,,,,,,,,,,,"0,1","6,59845991788767e-05","-0,0010352007354551876","-0,8811162082866032","6,598459917887671e-06","-9,692161362763109e-05","-0,08820854244228796"
1900-01-01 05:11:22.018,COM12,,"-0,02","-0,073","1,011","-0,488","0,0","0,122","1,225","1,104","0,566","-61,607","-218,218","-243,568","18,37",96787,"386,73",,,,,,,,,,,,,,"0,1","3,8286924878019974e-05","-0,009421509987278793","-0,8894808800284157","3,828692487801998e-06","-0,0009383223062400774","-0,08988641030908166"
1900-01-01 05:11:22.118,COM12,,"-0,026","-0,031","1,008","-0,366","0,122","0,0","1,06","1,088","0,566","8,606","-267,813","-153,140","18,39",96787,"386,73",,,,,,,,,,,,,,"0,1","-0,0006378811703794032","-0,005608637474530199","-0,885852026329766","-6,378811703794031e-05","-0,0006246518644909602","-0,08920985449746756"
1900-01-01 05:11:22.218,COM12,,"-0,02","-0,005","1,009","-0,427","0,0","0,183","0,912","1,082","0,566","63,063","-287,872","13,195","18,37",96787,"386,73",,,,,,,,,,,,,,"0,1","-7,389812563706292e-05","-0,0021806656975722413","-0,8822816267057916","-7,389812563706292e-06","-0,00022545638232093044","-0,08845361905290008"
1900-01-01 05:11:22.319,COM12,,"-0,018","-0,022","1,007","-0,244","0,122","-0,061","0,791","1,082","0,571","106,002","-289,159","153,660","18,37",96787,"386,73",,,,,,,,,,,,,,"0,101","0,0001382588505383327","-0,003486408475066162","-0,8926135735014635","1,3964143904371604e-05","-0,0003381631120773108","-0,09049213403572513"
1900-01-01 05:11:22.419,COM12,,"-0,021","-0,012","1,009","-0,427","0,0","-0,244","0,687","1,082","0,566","134,082","-265,083","239,161","18,35",96787,"386,73",,,,,,,,,,,,,,"0,1","-0,00017089154272676964","-0,002582414659289446","-0,8826823881363053","-1,7089154272676965e-05","-0,00027533062020162157","-0,08854356943383215"
1900-01-01 05:11:22.519,COM12,,"-0,02","-0,027","1,01","-0,488","-0,122","0,0","0,593","1,071","0,555","155,844","-243,490","298,207","18,39",96787,"386,73",,,,,,,,,,,,,,"0,1","-7,616130389169063e-05","-0,003822241558369958","-0,883835850979328","-7,6161303891690625e-06","-0,0003898402862261649","-0,08877342538415899"
1900-01-01 05:11:22.619,COM12,,"-0,018","-0,055","1,009","-0,183","0,0","-0,061","0,45","1,066","0,555","178,620","-237,523","343,889","18,39",96787,"386,73",,,,,,,,,,,,,,"0,1","0,00013755356694237386","-0,0061536981484225615","-0,8862839740937285","1,3755356694237386e-05","-0,0006016144581480189","-0,08923001186752087"
1900-01-01 05:11:22.719,COM12,,"-0,029","-0,065","1,01","-0,061","0,061","0,061","0,302","1,06","0,555","195,546","-233,727","372,450","18,37",96786,"386,82",,,,,,,,,,,,,,"0,1","-0,0009635546335189998","-0,008005485973957373","-0,8880047792167036","-9,635546335189999e-05","-0,0008969040607476374","-0,089697381982418"
1900-01-01 05:11:22.819,COM12,,"-0,02","0,029","1,008","0,0","0,061","0,549","0,093","1,066","0,577","203,138","-230,061","384,358","18,37",96786,"386,82",,,,,,,,,,,,,,"0,1","-0,000151821903050619","0,00258316998374233","-0,8775924938196383","-1,51821903050619e-05","0,00024313480806917114","-0,08751611457389466"
1900-01-01 05:11:22.919,COM12,,"-0,021","0,009","1,008","0,0","0,061","0,0","-0,016","1,066","0,621","204,165","-229,593","385,957","18,39",96787,"386,73",,,,,,,,,,,,,,"0,1","-0,00023439070188742742","0,0006912719098341768","-0,8794873602670297","-2,3439070188742744e-05","4,5688120794674936e-05","-0,0879030479059083"
1900-01-01 05:11:23.019,COM12,,"-0,02","0,009","1,008","-0,061","0,0","-0,122","-0,044","1,055","0,615","204,295","-229,593","386,139","18,39",96787,"386,73",,,,,,,,,,,,,,"0,1","-0,00015420897814595372","0,0008216005920576418","-0,879359383268755","-1,5420897814595372e-05","6,67391613911688e-05","-0,08786919916548433"
1900-01-01 05:11:23.120,COM12,,"-0,02","0,009","1,008","-0,061","0,0","-0,061","-0,038","1,055","0,615","204,295","-229,671","386,139","18,37",96787,"386,73",,,,,,,,,,,,,,"0,101","-0,00015563474177739914","0,0008192723206258706","-0,8881634185769197","-1,5719108919517316e-05","6,702739546369562e-05","-0,0896374778808052"
1900-01-01 05:11:23.220,COM12,,"-0,02","0,009","1,008","-0,061","0,061","-0,061","-0,027","1,049","0,61","204,269","-229,736","386,087","18,39",96787,"386,73",,,,,,,,,,,,,,"0,1","-0,00016435733040886865","0,0007814472522669244","-0,8793992666941247","-1,6435733040886866e-05","6,170899218580557e-05","-0,08787821767722667"
1900-01-01 05:11:23.320,COM12,,"-0,02","0,009","1,008","-0,061","0,061","0,0","-0,011","1,049","0,61","204,256","-229,788","386,074","18,35",96787,"386,73",,,,,,,,,,,,,,"0,1","-0,00016405288012909383","0,0007536047634377147","-0,8794268485647899","-1,6405288012909383e-05","5,895518833086209e-05","-0,08788372966814813"
1900-01-01 05:11:23.418,COM12,,"-0,02","0,009","1,008","-0,061","0,061","0,0","0,005","1,049","0,61","204,256","-229,814","386,061","18,39",96787,"386,73",,,,,,,,,,,,,,"0,098","-0,00016047360152557353","0,0007112468170865181","-0,8618653497408509","-1,5726412949506206e-05","5,397577512497257e-05","-0,08440882849947842"
1900-01-01 05:11:23.518,COM12,,"-0,019","0,009","1,008","0,0","0,061","0,0","0,022","1,049","0,61","204,256","-229,853","386,061","18,39",96787,"386,73",,,,,,,,,,,,,,"0,1","-6,344782950728148e-05","0,0007972209756589056","-0,8793845503968716","-6,3447829507281485e-06","7,337731461516241e-05","-0,087865077725072"
1900-01-01 05:11:23.619,COM12,,"-0,02","0,008","1,008","-0,061","0,061","0,0","0,038","1,055","0,61","204,256","-229,866","386,061","18,39",96787,"386,73",,,,,,,,,,,,,,"0,101","-0,00015301571008698113","0,000585875317865507","-0,8883956770152803","-1,5454586718785096e-05","4,371882038563112e-05","-0,08968424455815768"
1900-01-01 05:11:23.719,COM12,,"-0,02","0,01","1,007","0,0","0,122","0,0","0,055","1,055","0,61","204,243","-229,879","386,048","18,37",96787,"386,73",,,,,,,,,,,,,,"0,1","-0,0001551462293744143","0,0007465876341258176","-0,8795327451436655","-1,5514622937441428e-05","5,9144140475140324e-05","-0,08789413037389142"
1900-01-01 05:11:23.819,COM12,,"-0,02","0,009","1,008","-0,061","0,061","0,0","0,071","1,055","0,61","204,256","-229,879","386,048","18,39",96787,"386,73",,,,,,,,,,,,,,"0,1","-0,00015193749185734326","0,0006215783898441548","-0,8795576470238667","-1,5193749185734326e-05","4,696408979868115e-05","-0,087908800612588"
1900-01-01 05:11:23.917,COM12,,"-0,02","0,009","1,008","0,0","0,061","0,0","0,088","1,055","0,61","204,256","-229,905","386,048","18,37",96787,"386,73",,,,,,,,,,,,,,"0,098","-0,00014858262794731957","0,0005801545029453744","-0,8619952654139597","-1,4561097538837318e-05","4,229404374980938e-05","-0,08443324196681824"
1900-01-01 05:11:24.019,COM12,,"-0,02","0,008","1,009","0,0","0,0","0,0","0,099","1,06","0,61","204,256","-229,905","386,061","18,40",96787,"386,73",,,,,,,,,,,,,,"0,102","-0,0001424892874566628","0,0004941991435681672","-0,8971864181856348","-1,4533907320579606e-05","3,5874405323373446e-05","-0,09147714024961137"
1900-01-01 05:11:24.119,COM12,,"-0,02","0,008","1,008","0,0","0,0","0,0","0,115","1,055","0,61","204,256","-229,918","386,061","18,39",96787,"386,73",,,,,,,,,,,,,,"0,1","-0,00015004201789978655","0,00044607433021457874","-0,8797327863551935","-1,5004201789978655e-05","2,9603231231479223e-05","-0,08794367540428787"
1900-01-01 05:11:24.218,COM12,,"-0,02","0,009","1,008","0,0","0,0","0,0","0,132","1,049","0,61","204,256","-229,918","386,061","18,39",96787,"386,73",,,,,,,,,,,,,,"0,099","-0,00015972483280087018","0,0004997056349527154","-0,8708769827055498","-1,581275844728615e-05","3,365809941303268e-05","-0,0861831631884364"
1900-01-01 05:11:24.318,COM12,,"-0,02","0,009","1,008","0,0","0,0","0,0","0,143","1,044","0,61","204,256","-229,931","386,048","18,39",96787,"386,73",,,,,,,,,,,,,,"0,1","-0,0001699277184167438","0,00047671854498526525","-0,8797016420457068","-1,699277184167438e-05","3,067908265685214e-05","-0,08793948512191384"
1900-01-01 05:11:24.418,COM12,,"-0,019","0,009","1,008","0,0","0,0","0,0","0,154","1,038","0,61","204,269","-229,931","386,048","18,40",96787,"386,73",,,,,,,,,,,,,,"0,1","-8,02989578837173e-05","0,0005479478845366245","-0,8796321192748672","-8,02989578837173e-06","4,676489266529073e-05","-0,08791644703482143"
1900-01-01 05:11:24.518,COM12,,"-0,02","0,009","1,007","0,0","0,0","0,0","0,17","1,038","0,61","204,256","-229,931","386,035","18,39",96787,"386,73",,,,,,,,,,,,,,"0,1","-0,00018178868563349505","0,00041752346348264066","-0,8798605435833532","-1,8178868563349506e-05","2,3573477784914564e-05","-0,08796248088055042"
1900-01-01 05:11:24.618,COM12,,"-0,02","0,008","1,009","0,0","0,0","0,0","0,181","1,033","0,61","204,256","-229,931","386,035","18,39",96787,"386,73",,,,,,,,,,,,,,"0,1","-0,0001856988669050448","0,00029360009183016184","-0,8797847184495309","-1,8569886690504482e-05","1,0790122492511702e-05","-0,08796768172246058"
1900-01-01 05:11:24.718,COM12,,"-0,02","0,009","1,008","0,0","0,0","0,0","0,187","1,027","0,61","204,269","-229,944","386,035","18,39",96787,"386,73",,,,,,,,,,,,,,"0,1","-0,00019900787015587134","0,00036991388162507463","-0,879808031368891","-1,9900787015587136e-05","1,709060114692033e-05","-0,08796371253574219"
1900-01-01 05:11:24.818,COM12,,"-0,02","0,009","1,008","0,0","0,0","0,0","0,198","1,027","0,61","204,256","-229,944","386,048","18,37",96787,"386,73",,,,,,,,,,,,,,"0,1","-0,00019879990407814836","0,00035077028303560855","-0,8798270672168098","-1,9879990407814836e-05","1,5197037895746017e-05","-0,08796750968378524"
1900-01-01 05:11:24.918,COM12,,"-0,021","0,009","1,008","0,0","0,0","0,0","0,209","1,022","0,61","204,269","-229,944","386,035","18,39",96787,"386,73",,,,,,,,,,,,,,"0,1","-0,0003073683331125778","0,00022169213643347975","-0,8799542749164196","-3,0736833311257785e-05","-8,567619667909807e-06","-0,08800399511130988"
1900-01-01 05:11:25.018,COM12,,"-0,019","0,008","1,008","0,0","0,0","0,0","0,22","1,022","0,61","204,256","-229,944","386,061","18,39",96787,"386,73",,,,,,,,,,,,,,"0,1","-0,0001061458827739495","0,0003056982349548308","-0,8798741196710108","-1,061458827739495e-05","1,9955235218088128e-05","-0,087967456731883"
1900-01-01 05:11:25.117,COM12,,"-0,025","-0,018","1,009","0,0","0,0","0,0","0,22","1,016","0,61","204,126","-230,126","385,814","18,39",96787,"386,73",,,,,,,,,,,,,,"0,099","-0,0006804215528103244","-0,0028533285026529688","-0,8741317249127907","-6,736173372822212e-05","-0,000349841255490866","-0,08688888202185716"
1900-01-01 05:11:25.217,COM12,,"-0,016","0,071","1,007","0,122","-0,061","0,0","0,104","1,011","0,604","199,784","-233,948","378,105","18,35",96787,"386,73",,,,,,,,,,,,,,"0,1","0,00010433270934724426","0,007023020535425778","-0,8732517052110335","1,0433270934724427e-05","0,0007127353244773023","-0,08661243519662605"
1900-01-01 05:11:25.318,COM12,,"-0,005","-0,098","1,009","0,305","0,183","0,061","-0,066","1,005","0,599","185,029","-240,240","352,859","18,37",96787,"386,73",,,,,,,,,,,,,,"0,101","0,0013849052122786888","-0,008381752975976138","-0,897278239959366","0,00013987542644014757","-0,0007066816241334424","-0,09133178386002941"
1900-01-01 05:11:25.417,COM12,,"-0,02","-0,03","1,01","-0,244","1,038","0,549","-0,253","1,0","0,599","159,120","-251,485","298,909","18,39",96789,"386,56",,,,,,,,,,,,,,"0,099","-0,0002079744009757887","-0,002738735271470532","-0,8739072705948077","-2,058946569660308e-05","-0,0002917242575721858","-0,08680854404645814"
1900-01-01 05:11:25.518,COM12,,"-0,018","-0,013","1,006","0,244","0,061","0,0","-0,319","1,027","0,632","131,300","-283,829","220,909","18,39",96789,"386,56",,,,,,,,,,,,,,"0,101","1,177974600279164e-05","-0,0007354167510470432","-0,8899174191931282","1,1897543462819557e-06","-7,308733750946941e-05","-0,08995474667601541"
1900-01-01 05:11:25.618,COM12,,"-0,018","0,057","1,007","0,122","0,061","-0,244","-0,28","1,044","0,621","90,623","-300,118","87,035","18,42",96790,"386,48",,,,,,,,,,,,,,"0,1","-3,256670328989075e-05","0,006159487039020973","-0,8741534859422901","-3,256670328989075e-06","0,0006126920335731083","-0,0868026565606559"
1900-01-01 05:11:25.717,COM12,,"-0,019","-0,036","1,008","0,183","0,122","0,427","-0,165","1,044","0,632","38,584","-289,848","-90,467","18,39",96788,"386,65",,,,,,,,,,,,,,"0,099","-2,6129592466120384e-05","-0,0033032224601348284","-0,8746736677597603","-2,586829654145918e-06","-0,0003296058532074939","-0,08692229896142376"
1900-01-01 05:11:25.818,COM12,,"-0,019","-0,001","1,008","0,061","0,0","0,488","-0,148","1,055","0,67","-26,104","-268,450","-270,257","18,37",96789,"386,56",,,,,,,,,,,,,,"0,101","-4,605967497238688e-05","0,00011539176316383492","-0,8888686123519961","-4,652027172211075e-06","7,002540907336253e-06","-0,08976872730664427"
1900-01-01 05:11:25.918,COM12,,"-0,021","0,017","1,01","0,366","0,061","0,122","-0,137","1,06","0,703","-118,144","-131,820","74,477","18,39",96788,"386,65",,,,,,,,,,,,,,"0,1","-0,0002550817595149861","0,0016834305846037847","-0,8782993574998635","-2,550817595149861e-05","0,00014283488250887988","-0,08768710086747748"
1900-01-01 05:11:26.018,COM12,,"-0,027","0,027","1,006","0,549","0,183","0,366","-0,115","1,066","0,709","-187,434","98,046","348,036","18,39",96789,"386,56",,,,,,,,,,,,,,"0,1","-0,0008639062224155548","0,0020275366835941847","-0,878345264090947","-8,639062224155549e-05","0,00011636304611786298","-0,08771816336297684"
1900-01-01 05:11:26.118,COM12,,"-0,023","0,104","1,003","0,977","0,122","0,427","-0,038","1,088","0,72","-186,901","236,340","391,911","18,39",96791,"386,39",,,,,,,,,,,,,,"0,1","-0,0005267076986138416","0,009934018793349883","-0,8707473100618403","-5,2670769861384165e-05","0,0009407311094736042","-0,08613399989671042"
1900-01-01 05:11:26.217,COM12,,"-0,021","0,037","1,006","0,244","0,0","0,0","0,192","1,099","0,725","-149,721","285,805","-171,938","18,39",96788,"386,65",,,,,,,,,,,,,,"0,099","-0,00021029307435580413","0,0031165497194352593","-0,8684461822268422","-2,081901436122461e-05","0,00028771940786286607","-0,08568845263259453"
1900-01-01 05:11:26.317,COM12,,"-0,018","0,045","1,008","0,122","-0,061","-0,122","0,406","1,104","0,725","-104,624","278,811","-309,621","18,35",96788,"386,65",,,,,,,,,,,,,,"0,1","9,512576777824689e-05","0,0038822531010358086","-0,8762724266423951","9,51257677782469e-06","0,0003977378868814056","-0,08722950477735811"
1900-01-01 05:11:26.418,COM12,,"-0,019","-0,009","1,007","0,305","0,0","0,0","0,538","1,11","0,72","-63,193","249,574","-243,100","18,37",96787,"386,73",,,,,,,,,,,,,,"0,101","7,478865696594214e-05","-0,0017883801951092595","-0,8908863076595179","7,5536543535601565e-06","-0,00017307274535247508","-0,09015258981896379"
1900-01-01 05:11:26.517,COM12,,"-0,02","0,008","1,008","0,061","-0,061","-0,061","0,593","1,11","0,725","-25,792","215,696","-148,941","18,37",96787,"386,73",,,,,,,,,,,,,,"0,099","-4,3356990109550875e-05","-0,00028477639319727724","-0,8716602946541069","-4,292342020845537e-06","-3,248520494737598e-05","-0,08632685437570396"
1900-01-01 05:11:26.617,COM12,,"-0,021","0,081","1,009","0,061","0,244","0,427","0,648","1,115","0,725","5,057","180,349","-63,791","18,37",96787,"386,73",,,,,,,,,,,,,,"0,1","-0,00022254815175623294","0,006733546939924615","-0,8732595561995362","-2,2254815175623296e-05","0,0006510998788168382","-0,08667485574113679"
1900-01-01 05:11:26.717,COM12,,"-0,02","0,042","1,008","0,061","0,0","-0,061","0,813","1,121","0,725","25,818","153,270","-8,333","18,39",96788,"386,65",,,,,,,,,,,,,,"0,1","-6,164838306259665e-05","0,0027071140986408672","-0,8774236133065955","-6,164838306259665e-06","0,00026454657155782705","-0,08747781475910171"
1900-01-01 05:11:26.817,COM12,,"-0,023","0,019","1,009","0,122","0,061","0,0","0,917","1,121","0,725","38,948","130,871","25,194","18,39",96787,"386,73",,,,,,,,,,,,,,"0,1","-0,0003288005282205262","-4,798398130599076e-05","-0,8801048166430478","-3,2880052822052623e-05","-3,76784509526517e-05","-0,08804816011525744"
1900-01-01 05:11:26.917,COM12,,"-0,021","0,049","1,007","0,0","0,122","0,061","0,934","1,126","0,725","51,350","102,596","54,431","18,40",96787,"386,73",,,,,,,,,,,,,,"0,1","-0,00016063105337739444","0,0030954702867667123","-0,8771162268119175","-1,6063105337739445e-05","0,0002934839233389318","-0,08741813875785283"
1900-01-01 05:11:27.017,COM12,,"-0,038","0,057","1,008","-0,122","0,0","-0,305","0,972","1,126","0,72","61,672","72,371","80,015","18,40",96787,"386,73",,,,,,,,,,,,,,"0,1","-0,001866801328713335","0,0020992836225319994","-0,8779633336941499","-0,0001866801328713335","2,324822938186644e-05","-0,08777308514003314"
1900-01-01 05:11:27.117,COM12,,"-0,017","0,109","1,011","0,0","0,061","-0,793","1,027","1,126","0,709","68,185","51,558","94,900","18,42",96787,"386,73",,,,,,,,,,,,,,"0,1","0,00017812359248998196","0,009267199514501421","-0,8704398245648076","1,7812359248998196e-05","0,0009445323106991403","-0,08609945014578162"
1900-01-01 05:11:27.217,COM12,,"-0,024","0,017","1,008","0,122","0,061","-1,77","1,088","1,143","0,538","69,784","46,007","98,540","18,39",96787,"386,73",,,,,,,,,,,,,,"0,1","-0,0003864744530444501","-0,000604413983920822","-0,8807624924440275","-3,864744530444501e-05","-9,908884369652722e-05","-0,08817533808809928"
1900-01-01 05:11:27.317,COM12,,"-0,018","0,016","1,007","0,122","0,061","-0,122","1,099","1,137","0,505","70,005","45,162","99,125","18,40",96787,"386,73",,,,,,,,,,,,,,"0,1","0,00020171104638251245","-0,00012824348071100155","-0,8804001915653494","2,0171104638251247e-05","7,346756567151091e-06","-0,0880326723999678"
1900-01-01 05:11:27.418,COM12,,"-0,026","0,018","1,009","0,0","0,0","0,0","1,11","1,137","0,456","70,057","44,928","99,320","18,39",96787,"386,73",,,,,,,,,,,,,,"0,101","-0,0006017092622598632","-0,0007630196248704538","-0,8896158854658004","-6,0772635488246187e-05","-0,000137837617600162","-0,08998904204964601"
1900-01-01 05:11:27.518,COM12,,"-0,024","0,021","1,011","-0,061","0,0","-0,488","1,093","1,132","0,445","70,070","44,837","99,372","18,39",96787,"386,73",,,,,,,,,,,,,,"0,1","-0,0004031048241945037","-0,0002351246148170389","-0,8800857830986709","-4,0310482419450374e-05","-6,382294390115426e-05","-0,08807240125376825"
1900-01-01 05:11:27.618,COM12,,"-0,021","0,014","1,008","0,0","0,061","0,061","1,066","1,132","0,445","69,940","45,162","99,216","18,39",96787,"386,73",,,,,,,,,,,,,,"0,1","-0,00010433479529892332","-0,0005806987499045049","-0,8807502857207336","-1,0433479529892333e-05","-6,850335452034282e-05","-0,0881435319265937"
1900-01-01 05:11:27.718,COM12,,"-0,021","0,017","1,008","0,0","0,0","0,061","1,049","1,132","0,45","69,875","45,370","99,073","18,37",96787,"386,73",,,,,,,,,,,,,,"0,1","-0,00010677271378386196","-0,0002532948163124298","-0,8804172539833789","-1,0677271378386197e-05","-3,600675300962918e-05","-0,08807773215134752"
1900-01-01 05:11:27.818,COM12,,"-0,021","0,017","1,008","0,061","0,0","0,0","1,038","1,126","0,45","69,862","45,461","99,047","18,39",96787,"386,73",,,,,,,,,,,,,,"0,1","-0,00011748341173218817","-0,0002447340955527299","-0,8804086790115133","-1,1748341173218817e-05","-3,622175072849181e-05","-0,08807708965187984"
1900-01-01 05:11:27.918,COM12,,"-0,022","0,017","1,007","0,061","0,0","0,0","1,027","1,126","0,456","69,849","45,500","99,034","18,39",96787,"386,73",,,,,,,,,,,,,,"0,1","-0,00021958020837169355","-0,0003265078987927668","-0,8805884299391599","-2,1958020837169357e-05","-5,460881071644603e-05","-0,08811345180463244"
1900-01-01 05:11:28.018,COM12,,"-0,021","0,017","1,008","0,0","0,0","0,0","1,016","1,121","0,456","69,836","45,526","99,008","18,39",96787,"386,73",,,,,,,,,,,,,,"0,1","-0,0001265766858928058","-0,00021520102066133916","-0,8803791155945112","-1,2657668589280582e-05","-3,41777706554145e-05","-0,08807208933010653"
1900-01-01 05:11:28.118,COM12,,"-0,021","0,017","1,008","0,061","0,0","0,0","1,011","1,121","0,456","69,836","45,539","98,995","18,37",96787,"386,73",,,,,,,,,,,,,,"0,1","-0,00012664656141258814","-0,00020647346634277282","-0,8803703807796776","-1,2664656141258814e-05","-3,33120027755361e-05","-0,08807035008074329"
1900-01-01 05:11:28.217,COM12,,"-0,021","0,016","1,008","0,061","0,0","0,0","1,005","1,115","0,456","69,823","45,552","98,995","18,39",96787,"386,73",,,,,,,,,,,,,,"0,099","-0,0001351627386515825","-0,0003028051308424525","-0,8716668155887277","-1,338111112650667e-05","-4,335881907990947e-05","-0,08633837356236396"
1900-01-01 05:11:28.318,COM12,,"-0,022","0,017","1,008","0,061","0,0","0,0","0,994","1,115","0,456","69,823","45,552","98,995","18,40",96787,"386,73",,,,,,,,,,,,,,"0,101","-0,00023979556057453525","-0,0002910989050845458","-0,8892546747996897","-2,4219351618028062e-05","-5,362034103156719e-05","-0,08986834249580022"
1900-01-01 05:11:28.418,COM12,,"-0,021","0,016","1,008","0,061","0,0","0,0","0,989","1,115","0,456","69,836","45,565","98,995","18,39",96787,"386,73",,,,,,,,,,,,,,"0,1","-0,00013675123356693297","-0,0002779356851666224","-0,8804435597707458","-1,3675123356693297e-05","-4,146869187335553e-05","-0,08808582466894795"
1900-01-01 05:11:28.517,COM12,,"-0,022","0,017","1,008","0,061","0,0","0,0","0,983","1,11","0,456","69,836","45,578","99,008","18,37",96787,"386,73",,,,,,,,,,,,,,"0,099","-0,00024391099230988093","-0,00027510695680831195","-0,8716354571966314","-2,4147188238678213e-05","-5,1382776962701096e-05","-0,08634329303942921"
1900-01-01 05:11:28.616,COM12,,"-0,021","0,017","1,008","0,0","0,0","0,0","0,972","1,11","0,456","69,836","45,565","98,995","18,42",96787,"386,73",,,,,,,,,,,,,,"0,099","-0,00014508512998369743","-0,00015633253277586031","-0,8715185968186921","-1,4363427868386046e-05","-2,9840348613196218e-05","-0,08631018143366373"
1900-01-01 05:11:28.719,COM12,,"-0,021","0,017","1,009","0,0","0,0","0,0","0,967","1,11","0,456","69,836","45,552","99,008","18,39",96787,"386,73",,,,,,,,,,,,,,"0,103","-0,00014901046639434964","-0,00015337330514432224","-0,9066192271977168","-1,534807803861801e-05","-3,11455284684832e-05","-0,09341292592983332"
1900-01-01 05:11:28.816,COM12,,"-0,021","0,017","1,008","0,0","0,0","0,0","0,956","1,104","0,456","69,836","45,552","99,008","18,39",96787,"386,73",,,,,,,,,,,,,,"0,097","-0,00015261389239962169","-0,00013640836526882514","-0,8538954110675174","-1,4803547562763303e-05","-2,803515899383934e-05","-0,08285589003254304"
1900-01-01 05:11:28.916,COM12,,"-0,021","0,016","1,006","0,0","0,0","0,0","0,95","1,104","0,456","69,849","45,539","99,008","18,39",96787,"386,73",,,,,,,,,,,,,,"0,1","-0,00016053335658060307","-0,00022996784757267825","-0,8805954836590358","-1,6053335658060307e-05","-3,9050120415328134e-05","-0,08809859848631892"
1900-01-01 05:11:29.018,COM12,,"-0,025","0,019","1,009","0,0","0,0","0,0","0,939","1,104","0,456","69,823","45,617","98,956","18,39",96787,"386,73",,,,,,,,,,,,,,"0,102","-0,0005682156375490026","-0,00032160101479047687","-0,8979756387737806","-5,795799502999826e-05","-9,076129853862689e-05","-0,09168427645346425"
1900-01-01 05:11:29.117,COM12,,"-0,019","0,038","1,007","-0,061","0,0","0,061","0,945","1,104","0,472","69,160","47,814","97,409","18,37",96787,"386,73",,,,,,,,,,,,,,"0,099","2,3649243195487125e-05","0,0021412061027871955","-0,8692895815523888","2,3412750763532256e-06","0,00021432067925228557","-0,08584534789443421"
1900-01-01 05:11:29.217,COM12,,"-0,023","0,073","1,01","-0,305","-0,061","0,305","0,994","1,099","0,478","65,403","59,735","88,816","18,40",96787,"386,73",,,,,,,,,,,,,,"0,1","-0,0004065222073842424","0,005137062786041504","-0,8747259835070391","-4,0652220738424246e-05","0,0004730540578657262","-0,0869995442928382"
1900-01-01 05:11:29.317,COM12,,"-0,022","0,057","1,008","0,122","0,0","-0,122","1,088","1,099","0,489","55,575","89,427","64,077","18,39",96786,"386,82",,,,,,,,,,,,,,"0,1","-0,0002968182252517336","0,003485764137011218","-0,876600540213618","-2,9681822525173364e-05","0,0003188945911759485","-0,08734115943018586"
1900-01-01 05:11:29.418,COM12,,"-0,021","0,055","1,007","0,122","0,0","0,122","1,241","1,099","0,489","35,464","134,706","12,324","18,42",96787,"386,73",,,,,,,,,,,,,,"0,101","-0,00019661307918073377","0,003152773738540791","-0,8858318194798395","-1,985792099725411e-05","0,0002985722265953658","-0,08917044154086842"
1900-01-01 05:11:29.517,COM12,,"-0,027","-0,021","1,009","0,0","0,0","0,122","1,395","1,104","0,5","2,756","179,868","-76,700","18,42",96788,"386,65",,,,,,,,,,,,,,"0,099","-0,0007100381068680995","-0,005226630246102204","-0,8765728758478695","-7,029377257994186e-05","-0,0005877301669440601","-0,08736844487588315"
1900-01-01 05:11:29.617,COM12,,"-0,028","-0,001","1,012","-0,366","-0,122","-0,427","1,401","1,104","0,483","-39,741","223,457","-194,311","18,39",96788,"386,65",,,,,,,,,,,,,,"0,1","-0,0008285343496518965","-0,003409882762757156","-0,8832074115913396","-8,285343496518965e-05","-0,00042384171124090525","-0,08874458287037487"
1900-01-01 05:11:29.717,COM12,,"-0,023","0,012","1,009","-0,427","-0,244","1,404","1,351","1,093","0,549","-87,061","263,757","-309,738","18,42",96786,"386,82",,,,,,,,,,,,,,"0,1","-0,0003635632434273093","-0,0015463754962162573","-0,8816206167577125","-3,635632434273093e-05","-0,00019099387396435667","-0,08835305554973562"
1900-01-01 05:11:29.817,COM12,,"-0,027","0,074","1,006","0,244","0,0","0,0","1,313","1,093","0,615","-134,056","285,311","-393,146","18,40",96782,"387,16",,,,,,,,,,,,,,"0,1","-0,0008324238404113307","0,004251825953396512","-0,8759718500682799","-8,324238404113307e-05","0,0003419402112985181","-0,08725524479552949"
1900-01-01 05:11:29.918,COM12,,"-0,017","0,02","1,009","-0,549","-0,366","0,0","1,313","1,088","0,604","-175,487","266,253","304,226","18,40",96780,"387,33",,,,,,,,,,,,,,"0,101","0,00022204837535110076","-9,131855670384476e-05","-0,8889585637102467","2,242688591046118e-05","1,3203711683372858e-05","-0,08977161122305155"
1900-01-01 05:11:30.018,COM12,,"-0,022","0,025","1,004","0,0","0,0","-0,305","1,324","1,077","0,599","-198,302","196,378","375,856","18,42",96781,"387,25",,,,,,,,,,,,,,"0,1","-0,00031376136065180255","-0,00013755206922788142","-0,8806829827152449","-3,1376136065180254e-05","-4,5131342987968395e-05","-0,08811342961451248"
1900-01-01 05:11:30.116,COM12,,"-0,021","0,023","1,008","-0,61","-0,183","-0,122","1,263","1,06","0,582","-176,631","41,184","391,417","18,40",96786,"386,82",,,,,,,,,,,,,,"0,098","-0,00023048551130647527","-0,00015674009387661643","-0,8627058948377397","-2,2587580108034576e-05","-3,794810930794298e-05","-0,08458312580340645"
1900-01-01 05:11:30.217,COM12,,"-0,023","-0,011","1,008","-0,427","-0,122","0,0","1,203","1,055","0,577","-104,910","-153,725","-200,772","18,35",96787,"386,73",,,,,,,,,,,,,,"0,101","-0,0004162080279574091","-0,003668754814914796","-0,8926909990469636","-4,2037010823698326e-05","-0,00041258124713009273","-0,09057437215087341"
1900-01-01 05:11:30.317,COM12,,"-0,018","0,043","1,008","-0,427","-0,061","0,0","1,06","1,033","0,566","-29,887","-250,939","-242,593","18,42",96787,"386,73",,,,,,,,,,,,,,"0,1","-5,384365986246951e-06","0,002429202358188526","-0,877692441397813","-5,384365986246952e-07","0,0002423817992202279","-0,08752686234056108"
1900-01-01 05:11:30.416,COM12,,"-0,022","-0,023","1,007","-0,488","-0,061","0,061","0,95","1,027","0,566","27,599","-274,898","-103,402","18,39",96786,"386,82",,,,,,,,,,,,,,"0,099","-0,00035288064649527986","-0,004286142270956115","-0,8758115668680435","-3,493518400303271e-05","-0,0004592632688276881","-0,087164608388764"
1900-01-01 05:11:30.516,COM12,,"-0,016","-0,028","1,01","-0,427","-0,122","0,0","0,857","1,016","0,571","76,700","-291,590","57,447","18,40",96786,"386,82",,,,,,,,,,,,,,"0,1","0,0002331477452038655","-0,004075077822494447","-0,8841157551495153","2,331477452038655e-05","-0,00038419300772905824","-0,0887957685226806"
1900-01-01 05:11:30.616,COM12,,"-0,021","-0,029","1,006","-0,244","0,0","-0,122","0,775","1,016","0,571","114,855","-284,388","181,415","18,40",96787,"386,73",,,,,,,,,,,,,,"0,1","-0,0002742541499475216","-0,004537638156745896","-0,8849646380947422","-2,742541499475216e-05","-0,00048118923066934173","-0,08897765304014357"
1900-01-01 05:11:30.716,COM12,,"-0,023","0,021","1,005","-0,366","0,0","-0,061","0,709","1,005","0,566","141,167","-256,373","259,909","18,42",96787,"386,73",,,,,,,,,,,,,,"0,1","-0,0005450217383822278","0,000305881161803558","-0,8801509494254556","-5,450217383822278e-05","-2,391405765786698e-05","-0,08803900900020342"
1900-01-01 05:11:30.816,COM12,,"-0,021","-0,081","1,01","-0,305","0,0","0,061","0,604","0,989","0,544","167,102","-239,603","321,685","18,42",96788,"386,65",,,,,,,,,,,,,,"0,1","-0,0002709268341604239","-0,009438163199734402","-0,8895079478226323","-2,709268341604239e-05","-0,0009709090033894825","-0,08992170378565273"
1900-01-01 05:11:30.916,COM12,,"-0,021","0,024","1,01","0,0","0,061","0,183","0,39","0,989","0,555","186,706","-236,249","357,370","18,40",96786,"386,82",,,,,,,,,,,,,,"0,1","-0,0003727111629418002","0,0013362232897203578","-0,8786285817066299","-3,7271116294180025e-05","9,635121267785577e-05","-0,08776650695798514"
1900-01-01 05:11:31.016,COM12,,"-0,015","0,018","1,008","-0,305","-0,061","-0,061","0,236","0,978","0,555","198,172","-232,739","376,571","18,40",96786,"386,82",,,,,,,,,,,,,,"0,1","0,00020741032737252717","0,0015942774759169585","-0,8785882459613938","2,0741032737252718e-05","0,0001801687803289486","-0,08767865581581044"
1900-01-01 05:11:31.115,COM12,,"-0,021","0,002","1,008","-0,061","0,0","0,977","0,137","0,978","0,615","203,619","-230,269","385,138","18,39",96786,"386,82",,,,,,,,,,,,,,"0,099","-0,000374937502180548","-0,00041957758835205086","-0,8717964414882768","-3,711881271587425e-05","-7,865699396272728e-05","-0,08638650470130214"
1900-01-01 05:11:31.217,COM12,,"-0,019","0,008","1,008","0,0","0,0","0,0","0,082","0,972","0,637","204,399","-230,009","386,347","18,40",96787,"386,73",,,,,,,,,,,,,,"0,102","-0,0002009784345992818","0,00046568042570553083","-0,8973191761182133","-2,049980032912674e-05","2,6999603092837403e-05","-0,09149955636096492"
1900-01-01 05:11:31.317,COM12,,"-0,02","0,01","1,008","-0,061","-0,183","-0,061","0,066","0,95","0,626","204,477","-230,087","386,438","18,40",96787,"386,73",,,,,,,,,,,,,,"0,1","-0,0003380937180596169","0,0005421510598584662","-0,8796374598228169","-3,380937180596169e-05","2,0405734179884936e-05","-0,08794334024810181"
1900-01-01 05:11:31.417,COM12,,"-0,02","0,009","1,008","0,0","0,0","0,0","0,066","0,945","0,626","204,464","-230,191","386,386","18,40",96787,"386,73",,,,,,,,,,,,,,"0,1","-0,00034580077643556813","0,00043435389009296424","-0,8797454012157426","-3,458007764355682e-05","8,85531136573961e-06","-0,08796568481020853"
1900-01-01 05:11:31.517,COM12,,"-0,02","0,009","1,008","-0,061","0,0","0,0","0,077","0,945","0,626","204,464","-230,243","386,360","18,40",96787,"386,73",,,,,,,,,,,,,,"0,1","-0,00034558688954272783","0,0004152165475565728","-0,8797643899408534","-3,4558688954272786e-05","6,962965801384497e-06","-0,08796947602828396"
1900-01-01 05:11:31.617,COM12,,"-0,02","0,009","1,008","0,0","0,0","0,0","0,088","0,945","0,626","204,451","-230,256","386,347","18,39",96787,"386,73",,,,,,,,,,,,,,"0,1","-0,0003453730636149908","0,00039607911520755283","-0,8797833824706704","-3,453730636149908e-05","5,070605159256206e-06","-0,0879732676419078"
1900-01-01 05:11:31.717,COM12,,"-0,02","0,009","1,008","-0,061","0,0","0,0","0,099","0,945","0,626","204,464","-230,269","386,360","18,39",96787,"386,73",,,,,,,,,,,,,,"0,1","-0,00034515929866023906","0,00037694159375128565","-0,8798023788044939","-3,4515929866023906e-05","3,1782295091046625e-06","-0,0879770596509403"
1900-01-01 05:11:31.816,COM12,,"-0,02","0,008","1,008","0,0","0,0","0,0","0,11","0,95","0,626","204,451","-230,269","386,347","18,40",96787,"386,73",,,,,,,,,,,,,,"0,099","-0,0003317078883035024","0,00026511541607267063","-0,8711124369643035","-3,283908094204674e-05","-6,5926547508523455e-06","-0,08624672391421691"
1900-01-01 05:11:31.917,COM12,,"-0,02","0,009","1,008","-0,061","0,0","0,0","0,121","0,95","0,626","204,464","-230,282","386,347","18,42",96787,"386,73",,,,,,,,,,,,,,"0,101","-0,0003392935297019804","0,0003510357780705387","-0,8886297745445707","-3,4268646499900026e-05","1,1859670852243842e-06","-0,08975042126191643"
1900-01-01 05:11:32.017,COM12,,"-0,02","0,009","1,009","0,0","0,0","0,0","0,132","0,95","0,626","204,464","-230,308","386,334","18,42",96787,"386,73",,,,,,,,,,,,,,"0,1","-0,0003340601939639595","0,0003298705486095437","-0,8797490335409919","-3,340601939639595e-05","-4,189645354415832e-07","-0,08797532231863463"
1900-01-01 05:11:32.117,COM12,,"-0,019","0,009","1,008","-0,061","0,0","0,0","0,143","0,95","0,626","204,451","-230,295","386,334","18,39",96787,"386,73",,,,,,,,,,,,,,"0,1","-0,00023552677575910993","0,0004103572344639824","-0,8797700645032599","-2,3552677575910995e-05","1,7483045870487247e-05","-0,08795952340445551"
1900-01-01 05:11:32.217,COM12,,"-0,02","0,009","1,007","0,0","0,0","0,0","0,154","0,95","0,626","204,451","-230,308","386,334","18,39",96787,"386,73",,,,,,,,,,,,,,"0,1","-0,00033695441025310155","0,0002887364295032272","-0,8799898906018044","-3,369544102531016e-05","-4,821798074987437e-06","-0,08800381085825543"
1900-01-01 05:11:32.317,COM12,,"-0,02","0,009","1,009","-0,061","0,0","0,0","0,165","0,956","0,626","204,451","-230,321","386,334","18,40",96787,"386,73",,,,,,,,,,,,,,"0,1","-0,0003228513132275089","0,00028308305531052303","-0,8797954196779002","-3,228513132275089e-05","-3,976825791698586e-06","-0,08798351879358172"
1900-01-01 05:11:32.417,COM12,,"-0,02","0,009","1,008","0,0","0,0","0,0","0,176","0,956","0,626","204,438","-230,334","386,321","18,42",96787,"386,73",,,,,,,,,,,,,,"0,1","-0,00032430945036324697","0,00026254318804918675","-0,8799158300280054","-3,24309450363247e-05","-6,1766262314060255e-06","-0,08799775962903196"
1900-01-01 05:11:32.517,COM12,,"-0,02","0,009","1,008","0,0","0,0","0,0","0,187","0,956","0,626","204,438","-230,360","386,308","18,40",96787,"386,73",,,,,,,,,,,,,,"0,1","-0,00032409615207677317","0,00024340500076191644","-0,8799348567473823","-3,240961520767732e-05","-8,069115131485671e-06","-0,08800155478986972"
1900-01-01 05:11:32.617,COM12,,"-0,011","0,007","1,007","0,0","0,0","0,0","0,198","0,956","0,626","204,451","-230,360","386,295","18,40",96787,"386,73",,,,,,,,,,,,,,"0,1","0,0005764395389571285","0,00093476113559871","-0,8793590855117321","5,764395389571285e-05","0,00015112006745558385","-0,08778478848371764"
1900-01-01 05:11:32.717,COM12,,"-0,015","-0,182","1,008","0,122","0,183","-0,427","0,159","0,956","0,615","203,372","-231,400","384,397","18,40",96787,"386,73",,,,,,,,,,,,,,"0,1","0,0003795068818752906","-0,01809714099972104","-0,8983370325361724","3,7950688187529066e-05","-0,001771763411784575","-0,09160546666540181"
1900-01-01 05:11:32.816,COM12,,"-0,016","-0,044","1,009","-0,061","-0,122","0,0","0,022","0,939","0,599","193,986","-237,458","368,160","18,42",96787,"386,73",,,,,,,,,,,,,,"0,099","9,912684843878896e-05","-0,004294432014383469","-0,8755825677305433","9,813557995440109e-06","-0,00041533521142852336","-0,08709800941675232"
1900-01-01 05:11:32.916,COM12,,"-0,029","-0,06","1,01","0,122","0,061","0,183","-0,148","0,934","0,599","175,149","-242,671","334,308","18,39",96789,"386,56",,,,,,,,,,,,,,"0,1","-0,0011929347627236528","-0,006944808883583646","-0,8868957967619916","-0,00011929347627236528","-0,00081377436463073","-0,0895033540408299"
1900-01-01 05:11:33.016,COM12,,"-0,021","-0,038","1,011","0,183","0,793","0,916","-0,308","0,934","0,615","149,396","-261,781","273,390","18,39",96788,"386,65",,,,,,,,,,,,,,"0,1","-0,00041643619225377286","-0,0036775670285667957","-0,883537804291223","-4,164361922537729e-05","-0,0004094003220820569","-0,08876318075120436"
1900-01-01 05:11:33.115,COM12,,"-0,021","-0,024","1,01","0,732","0,0","0,0","-0,368","0,956","0,621","116,857","-294,268","174,720","18,42",96790,"386,48",,,,,,,,,,,,,,"0,099","-0,0003913850639460626","-0,002129467564741199","-0,8732955024166221","-3,87471213306602e-05","-0,0002495644102400389","-0,08670581914948564"
1900-01-01 05:11:33.215,COM12,,"-0,019","0,044","1,01","0,61","0,0","-0,122","-0,374","0,967","0,61","60,463","-293,384","-18,577","18,42",96790,"386,48",,,,,,,,,,,,,,"0,1","-0,000249571147683562","0,004807240679667903","-0,8752059464763524","-2,4957114768356204e-05","0,00045576695319843406","-0,08706482769443681"
1900-01-01 05:11:33.315,COM12,,"-0,021","-0,08","1,011","0,732","0,183","0,0","-0,308","0,972","0,648","-10,998","-275,639","-234,078","18,42",96788,"386,65",,,,,,,,,,,,,,"0,1","-0,000299601454632426","-0,007759879356013064","-0,8875972652507886","-2,9960145463242598e-05","-0,0008059480810645491","-0,08956567460614341"
1900-01-01 05:11:33.415,COM12,,"-0,022","0,027","1,007","0,793","0,0","0,488","-0,297","0,978","0,692","-117,507","-127,257","78,676","18,40",96788,"386,65",,,,,,,,,,,,,,"0,1","-0,000520022094366938","0,002695884663806383","-0,8775965807583673","-5,20022094366938e-05","0,00021758625694394456","-0,0875420718188928"
1900-01-01 05:11:33.515,COM12,,"-0,022","0,014","1,006","0,61","0,183","0,244","-0,258","0,989","0,703","-189,150","125,307","348,660","18,39",96790,"386,48",,,,,,,,,,,,,,"0,1","-0,0004860974968989447","0,0013610584297391276","-0,8790232781564257","-4,860974968989447e-05","8,749609328401829e-05","-0,08781483172235856"
1900-01-01 05:11:33.615,COM12,,"-0,026","0,066","1,006","0,61","0,183","-0,122","-0,132","1,005","0,703","-174,902","256,945","242,008","18,43",96791,"386,39",,,,,,,,,,,,,,"0,1","-0,0009191399399546265","0,005901844270911017","-0,8744834979690693","-9,191399399546265e-05","0,0004982704330956391","-0,0869500793638113"
1900-01-01 05:11:33.717,COM12,,"-0,028","0,107","1,006","0,366","-0,061","0,0","0,11","1,016","0,692","-122,538","282,542","-287,040","18,42",96789,"386,56",,,,,,,,,,,,,,"0,102","-0,0011650637742823254","0,009538625077454354","-0,8884141048343278","-0,00011883650497679718","0,0008541032529235468","-0,08976413544017788"
1900-01-01 05:11:33.815,COM12,,"-0,022","0,055","1,005","0,122","0,0","-0,488","0,363","1,027","0,681","-70,629","255,125","-253,890","18,42",96788,"386,65",,,,,,,,,,,,,,"0,098","-0,00044640171184255655","0,0043145370584555635","-0,8585204746187631","-4,3747367760570545e-05","0,0003790772639680747","-0,08375592924867072"
1900-01-01 05:11:33.916,COM12,,"-0,022","-0,029","1,008","0,061","-0,122","0,061","0,533","1,038","0,665","-31,278","220,532","-162,448","18,42",96787,"386,73",,,,,,,,,,,,,,"0,101","-0,00033289292951762086","-0,004212957088720914","-0,893223057906954","-3,3622185881279706e-05","-0,000459130851842092","-0,09067465970044446"
1900-01-01 05:11:34.017,COM12,,"-0,028","0,036","1,007","0,122","0,061","0,0","0,566","1,038","0,659","3,406","182,221","-67,717","18,39",96788,"386,65",,,,,,,,,,,,,,"0,101","-0,0010146959023331974","0,0016049267459486538","-0,887432582381486","-0,00010248428613565295","5,96133152051611e-05","-0,08957107750532493"
1900-01-01 05:11:34.115,COM12,,"-0,028","0,084","1,004","0,061","-0,183","-0,122","0,676","1,038","0,648","32,877","141,037","9,698","18,39",96788,"386,65",,,,,,,,,,,,,,"0,098","-0,0010393947911821358","0,006019884927482053","-0,8568442927274668","-0,00010186068953584931","0,0004880880333573919","-0,08348265265393434"
1900-01-01 05:11:34.215,COM12,,"-0,022","0,067","1,009","0,0","0,0","-3,174","0,846","1,049","0,5","51,298","100,568","55,432","18,42",96788,"386,65",,,,,,,,,,,,,,"0,1","-0,00039624415409022145","0,004809982543049339","-0,8751787398977182","-3,962441540902215e-05","0,0004413738388959118","-0,08707650015087592"
1900-01-01 05:11:34.315,COM12,,"-0,019","0,01","1,007","0,061","0,0","-0,244","0,983","1,06","0,291","59,566","77,584","76,089","18,40",96787,"386,73",,,,,,,,,,,,,,"0,1","-3,3042033113863315e-05","-0,0007609499192055245","-0,8810406984385157","-3,3042033113863316e-06","-7,939919523193879e-05","-0,08818346903908351"
1900-01-01 05:11:34.416,COM12,,"-0,025","0,026","1,007","0,183","0,0","-0,549","1,022","1,06","0,242","65,429","58,942","90,818","18,42",96787,"386,73",,,,,,,,,,,,,,"0,101","-0,0006459005274697085","0,00016288235701376191","-0,8888801582074486","-6,523595327444055e-05","-4,87848352160506e-05","-0,08982568081416836"
1900-01-01 05:11:34.515,COM12,,"-0,013","0,016","1,007","0,122","0,0","-2,563","1,071","1,077","0,077","69,342","46,436","98,891","18,42",96787,"386,73",,,,,,,,,,,,,,"0,099","0,0005876703454880128","0,000308782622517995","-0,8711694500718977","5,8179364203313266e-05","8,874884383259477e-05","-0,08615702671328528"
1900-01-01 05:11:34.615,COM12,,"-0,021","0,021","1,013","-0,366","-0,061","-0,916","1,099","1,077","-0,132","69,771","44,772","100,087","18,42",96787,"386,73",,,,,,,,,,,,,,"0,1","-0,00019481688479513213","-3,7687165640844526e-05","-0,8796944715237799","-1,9481688479513213e-05","-2,3250405043597664e-05","-0,08799269755742159"
1900-01-01 05:11:34.715,COM12,,"-0,021","0,014","1,006","0,0","0,0","0,0","1,06","1,06","-0,137","69,706","44,837","100,087","18,43",96787,"386,73",,,,,,,,,,,,,,"0,1","-0,00023953914342600446","-0,0007002504138451848","-0,8810699350703859","-2,3953914342600446e-05","-9,397895572711893e-05","-0,08820097246276572"
1900-01-01 05:11:34.815,COM12,,"-0,021","0,017","1,008","0,0","0,0","0,0","1,049","1,06","-0,137","69,628","45,032","99,983","18,42",96787,"386,73",,,,,,,,,,,,,,"0,1","-0,00023498204035159008","-0,00038009959105256004","-0,8805442739915308","-2,349820403515901e-05","-6,150816314041502e-05","-0,08811593556229351"
1900-01-01 05:11:34.915,COM12,,"-0,022","0,017","1,008","0,0","0,0","0,0","1,038","1,06","-0,137","69,602","45,110","99,944","18,40",96787,"386,73",,,,,,,,,,,,,,"0,1","-0,0003349178790013586","-0,0004604414721336882","-0,8806227398231876","-3,3491787900135856e-05","-7,953593511350469e-05","-0,08814180991743227"
1900-01-01 05:11:35.015,COM12,,"-0,022","0,016","1,008","0,061","0,0","0,0","1,027","1,06","-0,137","69,589","45,149","99,905","18,40",96787,"386,73",,,,,,,,,,,,,,"0,1","-0,0003351434140878002","-0,0005412956846755264","-0,880705363695462","-3,351434140878002e-05","-8,764390987633266e-05","-0,08815818027942254"
1900-01-01 05:11:35.115,COM12,,"-0,021","0,017","1,008","0,0","0,0","0,0","1,016","1,06","-0,137","69,589","45,175","99,892","18,42",96787,"386,73",,,,,,,,,,,,,,"0,1","-0,0002348419587069286","-0,0003218948298368786","-0,880486002058205","-2,3484195870692862e-05","-5,567367885438072e-05","-0,08810427388467489"
1900-01-01 05:11:35.215,COM12,,"-0,021","0,017","1,008","0,061","0,0","0,0","1,005","1,06","-0,137","69,576","45,188","99,892","18,42",96787,"386,73",,,,,,,,,,,,,,"0,1","-0,00023479540229077845","-0,0003024933724917858","-0,8804665856406532","-2,3479540229077845e-05","-5,372887747825643e-05","-0,08810038744154358"
1900-01-01 05:11:35.315,COM12,,"-0,022","0,017","1,008","0,0","0,0","0,0","0,994","1,06","-0,137","69,576","45,201","99,879","18,42",96787,"386,73",,,,,,,,,,,,,,"0,1","-0,00033473151587249555","-0,0003828355135032557","-0,8805450665932337","-3,347315158724956e-05","-7,175670293757513e-05","-0,08812626336226095"
1900-01-01 05:11:35.416,COM12,,"-0,021","0,016","1,008","0,0","0,0","0,0","0,983","1,066","-0,137","69,576","45,188","99,892","18,39",96787,"386,73",,,,,,,,,,,,,,"0,101","-0,0002266581424596769","-0,0003569464564206625","-0,889324368857257","-2,2892472388427366e-05","-5,8944064486914286e-05","-0,08988070531906989"
1900-01-01 05:11:35.514,COM12,,"-0,022","0,017","1,007","0,061","0,0","0,0","0,978","1,066","-0,137","69,576","45,188","99,905","18,40",96787,"386,73",,,,,,,,,,,,,,"0,098","-0,00031944118914059523","-0,0003373412463767845","-0,8629942531417463","-3,1305236535778336e-05","-6,436467868070321e-05","-0,08463780148657184"
1900-01-01 05:11:35.616,COM12,,"-0,021","0,017","1,009","0,0","0,0","0,0","0,972","1,066","-0,137","69,576","45,201","99,892","18,42",96787,"386,73",,,,,,,,,,,,,,"0,102","-0,00022668538755660258","-0,00023827189868385744","-0,897903630801316","-2,312190953077346e-05","-4,7425643196526924e-05","-0,09163359598493075"
1900-01-01 05:11:35.716,COM12,,"-0,022","0,017","1,008","0,0","0,0","0,0","0,961","1,066","-0,137","69,576","45,201","99,892","18,40",96787,"386,73",,,,,,,,,,,,,,"0,1","-0,0003240327859661551","-0,00031409731312992943","-0,8804762824615575","-3,240327859661551e-05","-6,381300990960845e-05","-0,08811144125606536"
1900-01-01 05:11:35.816,COM12,,"-0,022","0,017","1,008","0,0","0,0","0,0","0,956","1,066","-0,137","69,576","45,201","99,905","18,42",96787,"386,73",,,,,,,,,,,,,,"0,1","-0,000324011771785786","-0,00030527861379558204","-0,8804674649453085","-3,24011771785786e-05","-6,29290385581368e-05","-0,08810967553308899"
1900-01-01 05:11:35.916,COM12,,"-0,022","0,017","1,008","0,0","0,0","0,0","0,945","1,071","-0,137","69,576","45,214","99,892","18,40",96787,"386,73",,,,,,,,,,,,,,"0,1","-0,00031516585596794204","-0,00027709883219017694","-0,8804392625732497","-3,151658559679421e-05","-5,92264688158119e-05","-0,08810315272614079"
1900-01-01 05:11:36.016,COM12,,"-0,021","0,017","1,008","0,0","0,0","0,0","0,939","1,071","-0,137","69,576","45,201","99,892","18,40",96787,"386,73",,,,,,,,,,,,,,"0,1","-0,00021515845164707108","-0,0001667732745038724","-0,880330810613778","-2,151584516470711e-05","-3,819317261509435e-05","-0,0880712742339929"
1900-01-01 05:11:36.115,COM12,,"-0,021","0,017","1,007","0,0","0,0","0,0","0,934","1,071","-0,137","69,563","45,201","99,892","18,40",96787,"386,73",,,,,,,,,,,,,,"0,099","-0,0002148324632754259","-0,00015660324647027524","-0,8716179742808066","-2,1268413864267164e-05","-3,677213526482441e-05","-0,08632695158906467"
